province_name,topic_name,subtopic_name,cluster_group,subtopic_score
آذربایجان شرقی,معنویت و ارزش‌های دینی,باور دینی,1,28.915697
آذربایجان شرقی,معنویت و ارزش‌های دینی,عمل دینی,1,7.8255844
آذربایجان شرقی,معنویت و ارزش‌های دینی,هویت و پیوند دینی,1,10.405131
آذربایجان شرقی,معنویت و ارزش‌های دینی,مشارکت مذهبی,1,27.859726
آذربایجان شرقی,معنویت و ارزش‌های دینی,سبک زندگی دینی,1,15.422077
آذربایجان شرقی,زندگی خانوادگی,تشکیل خانواده,1,29.855642
آذربایجان شرقی,زندگی خانوادگی,فرزندآوری,1,8.4792662
آذربایجان شرقی,زندگی خانوادگی,روابط خانوادگی,1,16.546751
آذربایجان شرقی,زندگی خانوادگی,پایداری خانواده,1,3.6049113
آذربایجان شرقی,مصرف فرهنگی و رسانه‌ای,سینما و تلویزیون,1,7.9589782
آذربایجان شرقی,مصرف فرهنگی و رسانه‌ای,کتاب و مطبوعات,1,5.8791299
آذربایجان شرقی,مصرف فرهنگی و رسانه‌ای,موسیقی و هنرهای تجسمی,1,12.528069
آذربایجان شرقی,مصرف فرهنگی و رسانه‌ای,مد و فراغت,1,19.279764
آذربایجان شرقی,همبستگی و سرمایه اجتماعی,اعتماد و روابط اجتماعی,1,8.7922153
آذربایجان شرقی,همبستگی و سرمایه اجتماعی,هنجارها و سلامت نهادی,1,21.05172
آذربایجان شرقی,همبستگی و سرمایه اجتماعی,مشارکت و کنش جمعی,1,12.598902
آذربایجان شرقی,همبستگی و سرمایه اجتماعی,تعلق ملی,1,13.704815
آذربایجان شرقی,دانش و سرمایه انسانی,عدالت آموزشی,1,20.443821
آذربایجان شرقی,دانش و سرمایه انسانی,فراگیری آموزش,1,9.5200138
آذربایجان شرقی,دانش و سرمایه انسانی,کیفیت آموزشی,1,20.166792
آذربایجان شرقی,معیشت و فرهنگ اقتصادی,الگوی مصرف,1,23.368456
آذربایجان شرقی,معیشت و فرهنگ اقتصادی,بازار کار و اشتغال,1,23.558617
آذربایجان شرقی,معیشت و فرهنگ اقتصادی,فرهنگ اقتصادی,1,53.890781
آذربایجان شرقی,معیشت و فرهنگ اقتصادی,قدرت خرید و معیشت,1,66.743813
آذربایجان شرقی,معیشت و فرهنگ اقتصادی,برخورداری اقتصادی,1,40.016273
آذربایجان شرقی,رفاه و عدالت اجتماعی,انرژی و خدمات عمومی,1,25.636606
آذربایجان شرقی,رفاه و عدالت اجتماعی,حمایت اجتماعی,1,29.346249
آذربایجان شرقی,رفاه و عدالت اجتماعی,زیرساخت آموزشی,1,24.155659
آذربایجان شرقی,رفاه و عدالت اجتماعی,سلامت و بهداشت,1,6.6756535
آذربایجان شرقی,رفاه و عدالت اجتماعی,مسکن و سرپناه,1,11.564021
آذربایجان شرقی,مسائل اجتماعی,جرم و ناامنی,1,41.448807
آذربایجان شرقی,مسائل اجتماعی,سلامت اجتماعی,1,34.801643
آذربایجان شرقی,مسائل اجتماعی,سبک زندگی و مصرف,1,26.27553
آذربایجان شرقی,مسائل اجتماعی,باورها و رفتارهای فرهنگی,1,30.482645
آذربایجان شرقی,مسائل اجتماعی,روابط و امنیت اجتماعی,1,24.766703
آذربایجان غربی,معنویت و ارزش‌های دینی,باور دینی,1,36.306591
آذربایجان غربی,معنویت و ارزش‌های دینی,عمل دینی,1,12.492937
آذربایجان غربی,معنویت و ارزش‌های دینی,هویت و پیوند دینی,1,12.236254
آذربایجان غربی,معنویت و ارزش‌های دینی,مشارکت مذهبی,1,3.8011317
آذربایجان غربی,معنویت و ارزش‌های دینی,سبک زندگی دینی,1,10.164898
آذربایجان غربی,زندگی خانوادگی,تشکیل خانواده,3,54.100731
آذربایجان غربی,زندگی خانوادگی,فرزندآوری,3,39.430176
آذربایجان غربی,زندگی خانوادگی,روابط خانوادگی,3,45.37661
آذربایجان غربی,زندگی خانوادگی,پایداری خانواده,3,29.513836
آذربایجان غربی,مصرف فرهنگی و رسانه‌ای,سینما و تلویزیون,1,.55628932
آذربایجان غربی,مصرف فرهنگی و رسانه‌ای,کتاب و مطبوعات,1,2.6417603
آذربایجان غربی,مصرف فرهنگی و رسانه‌ای,موسیقی و هنرهای تجسمی,1,37.905613
آذربایجان غربی,مصرف فرهنگی و رسانه‌ای,مد و فراغت,1,11.246806
آذربایجان غربی,همبستگی و سرمایه اجتماعی,اعتماد و روابط اجتماعی,2,18.286707
آذربایجان غربی,همبستگی و سرمایه اجتماعی,هنجارها و سلامت نهادی,2,40.979591
آذربایجان غربی,همبستگی و سرمایه اجتماعی,مشارکت و کنش جمعی,2,7.3998146
آذربایجان غربی,همبستگی و سرمایه اجتماعی,تعلق ملی,2,5.0739141
آذربایجان غربی,دانش و سرمایه انسانی,عدالت آموزشی,4,25.527546
آذربایجان غربی,دانش و سرمایه انسانی,فراگیری آموزش,4,10.414985
آذربایجان غربی,دانش و سرمایه انسانی,کیفیت آموزشی,4,45.880749
آذربایجان غربی,معیشت و فرهنگ اقتصادی,الگوی مصرف,1,9.1684017
آذربایجان غربی,معیشت و فرهنگ اقتصادی,بازار کار و اشتغال,1,49.335823
آذربایجان غربی,معیشت و فرهنگ اقتصادی,فرهنگ اقتصادی,1,4.862071
آذربایجان غربی,معیشت و فرهنگ اقتصادی,قدرت خرید و معیشت,1,12.917548
آذربایجان غربی,معیشت و فرهنگ اقتصادی,برخورداری اقتصادی,1,53.133209
آذربایجان غربی,رفاه و عدالت اجتماعی,انرژی و خدمات عمومی,5,17.646751
آذربایجان غربی,رفاه و عدالت اجتماعی,حمایت اجتماعی,5,9.0453987
آذربایجان غربی,رفاه و عدالت اجتماعی,زیرساخت آموزشی,5,14.79589
آذربایجان غربی,رفاه و عدالت اجتماعی,سلامت و بهداشت,5,6.5905333
آذربایجان غربی,رفاه و عدالت اجتماعی,مسکن و سرپناه,5,8.0144825
آذربایجان غربی,مسائل اجتماعی,جرم و ناامنی,1,40.712547
آذربایجان غربی,مسائل اجتماعی,سلامت اجتماعی,1,16.847303
آذربایجان غربی,مسائل اجتماعی,سبک زندگی و مصرف,1,16.823118
آذربایجان غربی,مسائل اجتماعی,باورها و رفتارهای فرهنگی,1,2.3166833
آذربایجان غربی,مسائل اجتماعی,روابط و امنیت اجتماعی,1,51.947109
اردبیل,معنویت و ارزش‌های دینی,باور دینی,1,10.696352
اردبیل,معنویت و ارزش‌های دینی,عمل دینی,1,18.903606
اردبیل,معنویت و ارزش‌های دینی,هویت و پیوند دینی,1,10.110471
اردبیل,معنویت و ارزش‌های دینی,مشارکت مذهبی,1,11.470768
اردبیل,معنویت و ارزش‌های دینی,سبک زندگی دینی,1,41.341904
اردبیل,زندگی خانوادگی,تشکیل خانواده,4,59.200588
اردبیل,زندگی خانوادگی,فرزندآوری,4,8.6632471
اردبیل,زندگی خانوادگی,روابط خانوادگی,4,42.836445
اردبیل,زندگی خانوادگی,پایداری خانواده,4,8.4435596
اردبیل,مصرف فرهنگی و رسانه‌ای,سینما و تلویزیون,4,13.480319
اردبیل,مصرف فرهنگی و رسانه‌ای,کتاب و مطبوعات,4,50.843792
اردبیل,مصرف فرهنگی و رسانه‌ای,موسیقی و هنرهای تجسمی,4,14.500447
اردبیل,مصرف فرهنگی و رسانه‌ای,مد و فراغت,4,3.8021805
اردبیل,همبستگی و سرمایه اجتماعی,اعتماد و روابط اجتماعی,3,1.1285818
اردبیل,همبستگی و سرمایه اجتماعی,هنجارها و سلامت نهادی,3,7.19941
اردبیل,همبستگی و سرمایه اجتماعی,مشارکت و کنش جمعی,3,52.809334
اردبیل,همبستگی و سرمایه اجتماعی,تعلق ملی,3,4.6735978
اردبیل,دانش و سرمایه انسانی,عدالت آموزشی,4,7.8445129
اردبیل,دانش و سرمایه انسانی,فراگیری آموزش,4,12.501488
اردبیل,دانش و سرمایه انسانی,کیفیت آموزشی,4,44.363583
اردبیل,معیشت و فرهنگ اقتصادی,الگوی مصرف,3,34.36174
اردبیل,معیشت و فرهنگ اقتصادی,بازار کار و اشتغال,3,28.260466
اردبیل,معیشت و فرهنگ اقتصادی,فرهنگ اقتصادی,3,7.9752479
اردبیل,معیشت و فرهنگ اقتصادی,قدرت خرید و معیشت,3,14.704773
اردبیل,معیشت و فرهنگ اقتصادی,برخورداری اقتصادی,3,50.690243
اردبیل,رفاه و عدالت اجتماعی,انرژی و خدمات عمومی,1,21.444965
اردبیل,رفاه و عدالت اجتماعی,حمایت اجتماعی,1,2.6671221
اردبیل,رفاه و عدالت اجتماعی,زیرساخت آموزشی,1,8.1795692
اردبیل,رفاه و عدالت اجتماعی,سلامت و بهداشت,1,38.042385
اردبیل,رفاه و عدالت اجتماعی,مسکن و سرپناه,1,46.854805
اردبیل,مسائل اجتماعی,جرم و ناامنی,3,40.20369
اردبیل,مسائل اجتماعی,سلامت اجتماعی,3,5.6586318
اردبیل,مسائل اجتماعی,سبک زندگی و مصرف,3,36.138145
اردبیل,مسائل اجتماعی,باورها و رفتارهای فرهنگی,3,4.6391344
اردبیل,مسائل اجتماعی,روابط و امنیت اجتماعی,3,26.244959
اصفهان,معنویت و ارزش‌های دینی,باور دینی,1,45.848289
اصفهان,معنویت و ارزش‌های دینی,عمل دینی,1,33.011585
اصفهان,معنویت و ارزش‌های دینی,هویت و پیوند دینی,1,18.083363
اصفهان,معنویت و ارزش‌های دینی,مشارکت مذهبی,1,3.4596496
اصفهان,معنویت و ارزش‌های دینی,سبک زندگی دینی,1,4.7472286
اصفهان,زندگی خانوادگی,تشکیل خانواده,7,5.7674494
اصفهان,زندگی خانوادگی,فرزندآوری,7,2.0087283
اصفهان,زندگی خانوادگی,روابط خانوادگی,7,12.533889
اصفهان,زندگی خانوادگی,پایداری خانواده,7,15.873117
اصفهان,مصرف فرهنگی و رسانه‌ای,سینما و تلویزیون,10,7.4845214
اصفهان,مصرف فرهنگی و رسانه‌ای,کتاب و مطبوعات,10,6.9235106
اصفهان,مصرف فرهنگی و رسانه‌ای,موسیقی و هنرهای تجسمی,10,13.495036
اصفهان,مصرف فرهنگی و رسانه‌ای,مد و فراغت,10,57.173866
اصفهان,همبستگی و سرمایه اجتماعی,اعتماد و روابط اجتماعی,5,28.237036
اصفهان,همبستگی و سرمایه اجتماعی,هنجارها و سلامت نهادی,5,10.236552
اصفهان,همبستگی و سرمایه اجتماعی,مشارکت و کنش جمعی,5,30.914711
اصفهان,همبستگی و سرمایه اجتماعی,تعلق ملی,5,10.552876
اصفهان,دانش و سرمایه انسانی,عدالت آموزشی,2,50.292542
اصفهان,دانش و سرمایه انسانی,فراگیری آموزش,2,40.411827
اصفهان,دانش و سرمایه انسانی,کیفیت آموزشی,2,8.0925074
اصفهان,معیشت و فرهنگ اقتصادی,الگوی مصرف,3,30.800825
اصفهان,معیشت و فرهنگ اقتصادی,بازار کار و اشتغال,3,43.740776
اصفهان,معیشت و فرهنگ اقتصادی,فرهنگ اقتصادی,3,2.780488
اصفهان,معیشت و فرهنگ اقتصادی,قدرت خرید و معیشت,3,2.8737569
اصفهان,معیشت و فرهنگ اقتصادی,برخورداری اقتصادی,3,42.525299
اصفهان,رفاه و عدالت اجتماعی,انرژی و خدمات عمومی,1,6.7485189
اصفهان,رفاه و عدالت اجتماعی,حمایت اجتماعی,1,4.8840404
اصفهان,رفاه و عدالت اجتماعی,زیرساخت آموزشی,1,10.009185
اصفهان,رفاه و عدالت اجتماعی,سلامت و بهداشت,1,34.804501
اصفهان,رفاه و عدالت اجتماعی,مسکن و سرپناه,1,48.27779
اصفهان,مسائل اجتماعی,جرم و ناامنی,3,27.226587
اصفهان,مسائل اجتماعی,سلامت اجتماعی,3,.30544135
اصفهان,مسائل اجتماعی,سبک زندگی و مصرف,3,20.785894
اصفهان,مسائل اجتماعی,باورها و رفتارهای فرهنگی,3,68.233223
اصفهان,مسائل اجتماعی,روابط و امنیت اجتماعی,3,30.139521
البرز,معنویت و ارزش‌های دینی,باور دینی,2,1.7753416
البرز,معنویت و ارزش‌های دینی,عمل دینی,2,2.8014984
البرز,معنویت و ارزش‌های دینی,هویت و پیوند دینی,2,3.8742707
البرز,معنویت و ارزش‌های دینی,مشارکت مذهبی,2,5.3977065
البرز,معنویت و ارزش‌های دینی,سبک زندگی دینی,2,.56902868
البرز,زندگی خانوادگی,تشکیل خانواده,7,2.1411476
البرز,زندگی خانوادگی,فرزندآوری,7,12.677243
البرز,زندگی خانوادگی,روابط خانوادگی,7,9.2570047
البرز,زندگی خانوادگی,پایداری خانواده,7,16.25173
البرز,مصرف فرهنگی و رسانه‌ای,سینما و تلویزیون,4,5.0513968
البرز,مصرف فرهنگی و رسانه‌ای,کتاب و مطبوعات,4,33.094311
البرز,مصرف فرهنگی و رسانه‌ای,موسیقی و هنرهای تجسمی,4,7.6856184
البرز,مصرف فرهنگی و رسانه‌ای,مد و فراغت,4,7.9219565
البرز,همبستگی و سرمایه اجتماعی,اعتماد و روابط اجتماعی,7,19.487677
البرز,همبستگی و سرمایه اجتماعی,هنجارها و سلامت نهادی,7,2.5620332
البرز,همبستگی و سرمایه اجتماعی,مشارکت و کنش جمعی,7,4.5341997
البرز,همبستگی و سرمایه اجتماعی,تعلق ملی,7,22.960934
البرز,دانش و سرمایه انسانی,عدالت آموزشی,6,23.530512
البرز,دانش و سرمایه انسانی,فراگیری آموزش,6,21.365919
البرز,دانش و سرمایه انسانی,کیفیت آموزشی,6,17.89921
البرز,معیشت و فرهنگ اقتصادی,الگوی مصرف,4,30.370443
البرز,معیشت و فرهنگ اقتصادی,بازار کار و اشتغال,4,37.331768
البرز,معیشت و فرهنگ اقتصادی,فرهنگ اقتصادی,4,14.00482
البرز,معیشت و فرهنگ اقتصادی,قدرت خرید و معیشت,4,73.207756
البرز,معیشت و فرهنگ اقتصادی,برخورداری اقتصادی,4,15.507899
البرز,رفاه و عدالت اجتماعی,انرژی و خدمات عمومی,11,20.797798
البرز,رفاه و عدالت اجتماعی,حمایت اجتماعی,11,2.3396621
البرز,رفاه و عدالت اجتماعی,زیرساخت آموزشی,11,.61872208
البرز,رفاه و عدالت اجتماعی,سلامت و بهداشت,11,1.6286124
البرز,رفاه و عدالت اجتماعی,مسکن و سرپناه,11,15.924881
البرز,مسائل اجتماعی,جرم و ناامنی,11,3.750766
البرز,مسائل اجتماعی,سلامت اجتماعی,11,3.0788281
البرز,مسائل اجتماعی,سبک زندگی و مصرف,11,5.7051268
البرز,مسائل اجتماعی,باورها و رفتارهای فرهنگی,11,53.664547
البرز,مسائل اجتماعی,روابط و امنیت اجتماعی,11,1.0691736
ایلام,معنویت و ارزش‌های دینی,باور دینی,2,10.104724
ایلام,معنویت و ارزش‌های دینی,عمل دینی,2,7.8691058
ایلام,معنویت و ارزش‌های دینی,هویت و پیوند دینی,2,12.879282
ایلام,معنویت و ارزش‌های دینی,مشارکت مذهبی,2,22.151985
ایلام,معنویت و ارزش‌های دینی,سبک زندگی دینی,2,4.0521421
ایلام,زندگی خانوادگی,تشکیل خانواده,7,6.7385082
ایلام,زندگی خانوادگی,فرزندآوری,7,7.6517582
ایلام,زندگی خانوادگی,روابط خانوادگی,7,2.2510655
ایلام,زندگی خانوادگی,پایداری خانواده,7,10.923008
ایلام,مصرف فرهنگی و رسانه‌ای,سینما و تلویزیون,9,5.9519067
ایلام,مصرف فرهنگی و رسانه‌ای,کتاب و مطبوعات,9,.66176033
ایلام,مصرف فرهنگی و رسانه‌ای,موسیقی و هنرهای تجسمی,9,.33516699
ایلام,مصرف فرهنگی و رسانه‌ای,مد و فراغت,9,2.9178784
ایلام,همبستگی و سرمایه اجتماعی,اعتماد و روابط اجتماعی,5,59.70573
ایلام,همبستگی و سرمایه اجتماعی,هنجارها و سلامت نهادی,5,3.2035847
ایلام,همبستگی و سرمایه اجتماعی,مشارکت و کنش جمعی,5,4.1836843
ایلام,همبستگی و سرمایه اجتماعی,تعلق ملی,5,10.85557
ایلام,دانش و سرمایه انسانی,عدالت آموزشی,4,4.1129346
ایلام,دانش و سرمایه انسانی,فراگیری آموزش,4,30.86368
ایلام,دانش و سرمایه انسانی,کیفیت آموزشی,4,43.414036
ایلام,معیشت و فرهنگ اقتصادی,الگوی مصرف,2,1.3176093
ایلام,معیشت و فرهنگ اقتصادی,بازار کار و اشتغال,2,8.2281685
ایلام,معیشت و فرهنگ اقتصادی,فرهنگ اقتصادی,2,12.251716
ایلام,معیشت و فرهنگ اقتصادی,قدرت خرید و معیشت,2,8.1514463
ایلام,معیشت و فرهنگ اقتصادی,برخورداری اقتصادی,2,3.4850602
ایلام,رفاه و عدالت اجتماعی,انرژی و خدمات عمومی,7,1.3994881
ایلام,رفاه و عدالت اجتماعی,حمایت اجتماعی,7,51.463326
ایلام,رفاه و عدالت اجتماعی,زیرساخت آموزشی,7,41.7477
ایلام,رفاه و عدالت اجتماعی,سلامت و بهداشت,7,24.140675
ایلام,رفاه و عدالت اجتماعی,مسکن و سرپناه,7,51.871906
ایلام,مسائل اجتماعی,جرم و ناامنی,6,26.695398
ایلام,مسائل اجتماعی,سلامت اجتماعی,6,7.9403329
ایلام,مسائل اجتماعی,سبک زندگی و مصرف,6,2.3180883
ایلام,مسائل اجتماعی,باورها و رفتارهای فرهنگی,6,3.5101461
ایلام,مسائل اجتماعی,روابط و امنیت اجتماعی,6,15.150671
بوشهر,معنویت و ارزش‌های دینی,باور دینی,1,15.687883
بوشهر,معنویت و ارزش‌های دینی,عمل دینی,1,13.892531
بوشهر,معنویت و ارزش‌های دینی,هویت و پیوند دینی,1,42.240181
بوشهر,معنویت و ارزش‌های دینی,مشارکت مذهبی,1,9.7278013
بوشهر,معنویت و ارزش‌های دینی,سبک زندگی دینی,1,2.8649821
بوشهر,زندگی خانوادگی,تشکیل خانواده,8,5.2937465
بوشهر,زندگی خانوادگی,فرزندآوری,8,9.5378647
بوشهر,زندگی خانوادگی,روابط خانوادگی,8,12.68589
بوشهر,زندگی خانوادگی,پایداری خانواده,8,41.189018
بوشهر,مصرف فرهنگی و رسانه‌ای,سینما و تلویزیون,5,2.9998806
بوشهر,مصرف فرهنگی و رسانه‌ای,کتاب و مطبوعات,5,9.9618368
بوشهر,مصرف فرهنگی و رسانه‌ای,موسیقی و هنرهای تجسمی,5,1.1704061
بوشهر,مصرف فرهنگی و رسانه‌ای,مد و فراغت,5,30.193542
بوشهر,همبستگی و سرمایه اجتماعی,اعتماد و روابط اجتماعی,3,15.227477
بوشهر,همبستگی و سرمایه اجتماعی,هنجارها و سلامت نهادی,3,12.381133
بوشهر,همبستگی و سرمایه اجتماعی,مشارکت و کنش جمعی,3,7.1641831
بوشهر,همبستگی و سرمایه اجتماعی,تعلق ملی,3,14.935991
بوشهر,دانش و سرمایه انسانی,عدالت آموزشی,2,5.2528543
بوشهر,دانش و سرمایه انسانی,فراگیری آموزش,2,62.762238
بوشهر,دانش و سرمایه انسانی,کیفیت آموزشی,2,6.2002959
بوشهر,معیشت و فرهنگ اقتصادی,الگوی مصرف,3,27.452074
بوشهر,معیشت و فرهنگ اقتصادی,بازار کار و اشتغال,3,21.390949
بوشهر,معیشت و فرهنگ اقتصادی,فرهنگ اقتصادی,3,10.067842
بوشهر,معیشت و فرهنگ اقتصادی,قدرت خرید و معیشت,3,10.608582
بوشهر,معیشت و فرهنگ اقتصادی,برخورداری اقتصادی,3,36.045826
بوشهر,رفاه و عدالت اجتماعی,انرژی و خدمات عمومی,4,.88550293
بوشهر,رفاه و عدالت اجتماعی,حمایت اجتماعی,4,8.0851955
بوشهر,رفاه و عدالت اجتماعی,زیرساخت آموزشی,4,21.652346
بوشهر,رفاه و عدالت اجتماعی,سلامت و بهداشت,4,12.806503
بوشهر,رفاه و عدالت اجتماعی,مسکن و سرپناه,4,.32756096
بوشهر,مسائل اجتماعی,جرم و ناامنی,5,34.214687
بوشهر,مسائل اجتماعی,سلامت اجتماعی,5,22.264835
بوشهر,مسائل اجتماعی,سبک زندگی و مصرف,5,.75275737
بوشهر,مسائل اجتماعی,باورها و رفتارهای فرهنگی,5,15.510653
بوشهر,مسائل اجتماعی,روابط و امنیت اجتماعی,5,1.3207688
تهران,معنویت و ارزش‌های دینی,باور دینی,2,.12599751
تهران,معنویت و ارزش‌های دینی,عمل دینی,2,13.126443
تهران,معنویت و ارزش‌های دینی,هویت و پیوند دینی,2,11.155359
تهران,معنویت و ارزش‌های دینی,مشارکت مذهبی,2,3.3138533
تهران,معنویت و ارزش‌های دینی,سبک زندگی دینی,2,3.303
تهران,زندگی خانوادگی,تشکیل خانواده,7,5.6036963
تهران,زندگی خانوادگی,فرزندآوری,7,1.3523403
تهران,زندگی خانوادگی,روابط خانوادگی,7,9.4412069
تهران,زندگی خانوادگی,پایداری خانواده,7,2.2472529
تهران,مصرف فرهنگی و رسانه‌ای,سینما و تلویزیون,12,56.170048
تهران,مصرف فرهنگی و رسانه‌ای,کتاب و مطبوعات,12,50.353191
تهران,مصرف فرهنگی و رسانه‌ای,موسیقی و هنرهای تجسمی,12,11.677853
تهران,مصرف فرهنگی و رسانه‌ای,مد و فراغت,12,33.75901
تهران,همبستگی و سرمایه اجتماعی,اعتماد و روابط اجتماعی,7,12.106963
تهران,همبستگی و سرمایه اجتماعی,هنجارها و سلامت نهادی,7,3.9200315
تهران,همبستگی و سرمایه اجتماعی,مشارکت و کنش جمعی,7,2.2011831
تهران,همبستگی و سرمایه اجتماعی,تعلق ملی,7,3.2212539
تهران,دانش و سرمایه انسانی,عدالت آموزشی,3,13.705251
تهران,دانش و سرمایه انسانی,فراگیری آموزش,3,20.312056
تهران,دانش و سرمایه انسانی,کیفیت آموزشی,3,8.6259842
تهران,معیشت و فرهنگ اقتصادی,الگوی مصرف,5,17.568697
تهران,معیشت و فرهنگ اقتصادی,بازار کار و اشتغال,5,20.267115
تهران,معیشت و فرهنگ اقتصادی,فرهنگ اقتصادی,5,10.559399
تهران,معیشت و فرهنگ اقتصادی,قدرت خرید و معیشت,5,8.3718834
تهران,معیشت و فرهنگ اقتصادی,برخورداری اقتصادی,5,2.2768824
تهران,رفاه و عدالت اجتماعی,انرژی و خدمات عمومی,12,27.609674
تهران,رفاه و عدالت اجتماعی,حمایت اجتماعی,12,15.863665
تهران,رفاه و عدالت اجتماعی,زیرساخت آموزشی,12,3.4122288
تهران,رفاه و عدالت اجتماعی,سلامت و بهداشت,12,10.178096
تهران,رفاه و عدالت اجتماعی,مسکن و سرپناه,12,1.591886
تهران,مسائل اجتماعی,جرم و ناامنی,3,3.107713
تهران,مسائل اجتماعی,سلامت اجتماعی,3,22.462973
تهران,مسائل اجتماعی,سبک زندگی و مصرف,3,5.4562058
تهران,مسائل اجتماعی,باورها و رفتارهای فرهنگی,3,46.855072
تهران,مسائل اجتماعی,روابط و امنیت اجتماعی,3,4.3207374
خراسان جنوبی,معنویت و ارزش‌های دینی,باور دینی,3,34.656525
خراسان جنوبی,معنویت و ارزش‌های دینی,عمل دینی,3,48.200356
خراسان جنوبی,معنویت و ارزش‌های دینی,هویت و پیوند دینی,3,17.526974
خراسان جنوبی,معنویت و ارزش‌های دینی,مشارکت مذهبی,3,39.024464
خراسان جنوبی,معنویت و ارزش‌های دینی,سبک زندگی دینی,3,28.570328
خراسان جنوبی,زندگی خانوادگی,تشکیل خانواده,9,1.5109372
خراسان جنوبی,زندگی خانوادگی,فرزندآوری,9,8.1944447
خراسان جنوبی,زندگی خانوادگی,روابط خانوادگی,9,48.783035
خراسان جنوبی,زندگی خانوادگی,پایداری خانواده,9,11.627885
خراسان جنوبی,مصرف فرهنگی و رسانه‌ای,سینما و تلویزیون,6,6.2288132
خراسان جنوبی,مصرف فرهنگی و رسانه‌ای,کتاب و مطبوعات,6,2.4495277
خراسان جنوبی,مصرف فرهنگی و رسانه‌ای,موسیقی و هنرهای تجسمی,6,2.5216734
خراسان جنوبی,مصرف فرهنگی و رسانه‌ای,مد و فراغت,6,33.232372
خراسان جنوبی,همبستگی و سرمایه اجتماعی,اعتماد و روابط اجتماعی,8,56.134819
خراسان جنوبی,همبستگی و سرمایه اجتماعی,هنجارها و سلامت نهادی,8,17.676666
خراسان جنوبی,همبستگی و سرمایه اجتماعی,مشارکت و کنش جمعی,8,38.622444
خراسان جنوبی,همبستگی و سرمایه اجتماعی,تعلق ملی,8,61.96257
خراسان جنوبی,دانش و سرمایه انسانی,عدالت آموزشی,5,2.4370756
خراسان جنوبی,دانش و سرمایه انسانی,فراگیری آموزش,5,4.1221838
خراسان جنوبی,دانش و سرمایه انسانی,کیفیت آموزشی,5,28.38854
خراسان جنوبی,معیشت و فرهنگ اقتصادی,الگوی مصرف,1,5.3803096
خراسان جنوبی,معیشت و فرهنگ اقتصادی,بازار کار و اشتغال,1,2.5108533
خراسان جنوبی,معیشت و فرهنگ اقتصادی,فرهنگ اقتصادی,1,27.13862
خراسان جنوبی,معیشت و فرهنگ اقتصادی,قدرت خرید و معیشت,1,13.89014
خراسان جنوبی,معیشت و فرهنگ اقتصادی,برخورداری اقتصادی,1,21.706535
خراسان جنوبی,رفاه و عدالت اجتماعی,انرژی و خدمات عمومی,2,7.7590532
خراسان جنوبی,رفاه و عدالت اجتماعی,حمایت اجتماعی,2,13.649077
خراسان جنوبی,رفاه و عدالت اجتماعی,زیرساخت آموزشی,2,14.644054
خراسان جنوبی,رفاه و عدالت اجتماعی,سلامت و بهداشت,2,61.208687
خراسان جنوبی,رفاه و عدالت اجتماعی,مسکن و سرپناه,2,7.5398707
خراسان جنوبی,مسائل اجتماعی,جرم و ناامنی,8,2.0711772
خراسان جنوبی,مسائل اجتماعی,سلامت اجتماعی,8,55.445919
خراسان جنوبی,مسائل اجتماعی,سبک زندگی و مصرف,8,14.275793
خراسان جنوبی,مسائل اجتماعی,باورها و رفتارهای فرهنگی,8,14.761338
خراسان جنوبی,مسائل اجتماعی,روابط و امنیت اجتماعی,8,45.79174
خراسان رضوی,معنویت و ارزش‌های دینی,باور دینی,5,26.122995
خراسان رضوی,معنویت و ارزش‌های دینی,عمل دینی,5,51.493763
خراسان رضوی,معنویت و ارزش‌های دینی,هویت و پیوند دینی,5,29.923599
خراسان رضوی,معنویت و ارزش‌های دینی,مشارکت مذهبی,5,51.368073
خراسان رضوی,معنویت و ارزش‌های دینی,سبک زندگی دینی,5,26.942503
خراسان رضوی,زندگی خانوادگی,تشکیل خانواده,2,6.7784147
خراسان رضوی,زندگی خانوادگی,فرزندآوری,2,55.697189
خراسان رضوی,زندگی خانوادگی,روابط خانوادگی,2,18.559156
خراسان رضوی,زندگی خانوادگی,پایداری خانواده,2,18.488731
خراسان رضوی,مصرف فرهنگی و رسانه‌ای,سینما و تلویزیون,2,32.513527
خراسان رضوی,مصرف فرهنگی و رسانه‌ای,کتاب و مطبوعات,2,4.8675246
خراسان رضوی,مصرف فرهنگی و رسانه‌ای,موسیقی و هنرهای تجسمی,2,70.40757
خراسان رضوی,مصرف فرهنگی و رسانه‌ای,مد و فراغت,2,22.462021
خراسان رضوی,همبستگی و سرمایه اجتماعی,اعتماد و روابط اجتماعی,4,9.7323055
خراسان رضوی,همبستگی و سرمایه اجتماعی,هنجارها و سلامت نهادی,4,13.777915
خراسان رضوی,همبستگی و سرمایه اجتماعی,مشارکت و کنش جمعی,4,7.6327276
خراسان رضوی,همبستگی و سرمایه اجتماعی,تعلق ملی,4,43.561878
خراسان رضوی,دانش و سرمایه انسانی,عدالت آموزشی,3,4.1670499
خراسان رضوی,دانش و سرمایه انسانی,فراگیری آموزش,3,15.92637
خراسان رضوی,دانش و سرمایه انسانی,کیفیت آموزشی,3,8.4926882
خراسان رضوی,معیشت و فرهنگ اقتصادی,الگوی مصرف,1,9.532093
خراسان رضوی,معیشت و فرهنگ اقتصادی,بازار کار و اشتغال,1,37.794792
خراسان رضوی,معیشت و فرهنگ اقتصادی,فرهنگ اقتصادی,1,15.649836
خراسان رضوی,معیشت و فرهنگ اقتصادی,قدرت خرید و معیشت,1,13.025881
خراسان رضوی,معیشت و فرهنگ اقتصادی,برخورداری اقتصادی,1,7.7214246
خراسان رضوی,رفاه و عدالت اجتماعی,انرژی و خدمات عمومی,3,38.332741
خراسان رضوی,رفاه و عدالت اجتماعی,حمایت اجتماعی,3,12.259396
خراسان رضوی,رفاه و عدالت اجتماعی,زیرساخت آموزشی,3,21.607794
خراسان رضوی,رفاه و عدالت اجتماعی,سلامت و بهداشت,3,3.0271175
خراسان رضوی,رفاه و عدالت اجتماعی,مسکن و سرپناه,3,18.80217
خراسان رضوی,مسائل اجتماعی,جرم و ناامنی,9,24.577478
خراسان رضوی,مسائل اجتماعی,سلامت اجتماعی,9,63.45649
خراسان رضوی,مسائل اجتماعی,سبک زندگی و مصرف,9,22.205109
خراسان رضوی,مسائل اجتماعی,باورها و رفتارهای فرهنگی,9,35.739765
خراسان رضوی,مسائل اجتماعی,روابط و امنیت اجتماعی,9,21.587103
خراسان شمالی,معنویت و ارزش‌های دینی,باور دینی,5,6.7720509
خراسان شمالی,معنویت و ارزش‌های دینی,عمل دینی,5,7.8336811
خراسان شمالی,معنویت و ارزش‌های دینی,هویت و پیوند دینی,5,9.3957891
خراسان شمالی,معنویت و ارزش‌های دینی,مشارکت مذهبی,5,33.376167
خراسان شمالی,معنویت و ارزش‌های دینی,سبک زندگی دینی,5,31.030956
خراسان شمالی,زندگی خانوادگی,تشکیل خانواده,3,.38526699
خراسان شمالی,زندگی خانوادگی,فرزندآوری,3,20.248741
خراسان شمالی,زندگی خانوادگی,روابط خانوادگی,3,2.7051315
خراسان شمالی,زندگی خانوادگی,پایداری خانواده,3,32.38522
خراسان شمالی,مصرف فرهنگی و رسانه‌ای,سینما و تلویزیون,1,17.477015
خراسان شمالی,مصرف فرهنگی و رسانه‌ای,کتاب و مطبوعات,1,22.625549
خراسان شمالی,مصرف فرهنگی و رسانه‌ای,موسیقی و هنرهای تجسمی,1,53.2477
خراسان شمالی,مصرف فرهنگی و رسانه‌ای,مد و فراغت,1,17.987776
خراسان شمالی,همبستگی و سرمایه اجتماعی,اعتماد و روابط اجتماعی,8,41.913311
خراسان شمالی,همبستگی و سرمایه اجتماعی,هنجارها و سلامت نهادی,8,26.901011
خراسان شمالی,همبستگی و سرمایه اجتماعی,مشارکت و کنش جمعی,8,29.982584
خراسان شمالی,همبستگی و سرمایه اجتماعی,تعلق ملی,8,35.503498
خراسان شمالی,دانش و سرمایه انسانی,عدالت آموزشی,4,2.1407161
خراسان شمالی,دانش و سرمایه انسانی,فراگیری آموزش,4,10.437737
خراسان شمالی,دانش و سرمایه انسانی,کیفیت آموزشی,4,50.044945
خراسان شمالی,معیشت و فرهنگ اقتصادی,الگوی مصرف,1,6.9704976
خراسان شمالی,معیشت و فرهنگ اقتصادی,بازار کار و اشتغال,1,59.645111
خراسان شمالی,معیشت و فرهنگ اقتصادی,فرهنگ اقتصادی,1,30.723684
خراسان شمالی,معیشت و فرهنگ اقتصادی,قدرت خرید و معیشت,1,42.719379
خراسان شمالی,معیشت و فرهنگ اقتصادی,برخورداری اقتصادی,1,22.993591
خراسان شمالی,رفاه و عدالت اجتماعی,انرژی و خدمات عمومی,9,5.3903818
خراسان شمالی,رفاه و عدالت اجتماعی,حمایت اجتماعی,9,25.034975
خراسان شمالی,رفاه و عدالت اجتماعی,زیرساخت آموزشی,9,5.7273016
خراسان شمالی,رفاه و عدالت اجتماعی,سلامت و بهداشت,9,22.087605
خراسان شمالی,رفاه و عدالت اجتماعی,مسکن و سرپناه,9,18.050941
خراسان شمالی,مسائل اجتماعی,جرم و ناامنی,3,43.553055
خراسان شمالی,مسائل اجتماعی,سلامت اجتماعی,3,23.465714
خراسان شمالی,مسائل اجتماعی,سبک زندگی و مصرف,3,6.688375
خراسان شمالی,مسائل اجتماعی,باورها و رفتارهای فرهنگی,3,47.634441
خراسان شمالی,مسائل اجتماعی,روابط و امنیت اجتماعی,3,2.1085556
خوزستان,معنویت و ارزش‌های دینی,باور دینی,4,48.114471
خوزستان,معنویت و ارزش‌های دینی,عمل دینی,4,29.112125
خوزستان,معنویت و ارزش‌های دینی,هویت و پیوند دینی,4,1.4395779
خوزستان,معنویت و ارزش‌های دینی,مشارکت مذهبی,4,65.958641
خوزستان,معنویت و ارزش‌های دینی,سبک زندگی دینی,4,38.686871
خوزستان,زندگی خانوادگی,تشکیل خانواده,2,22.358273
خوزستان,زندگی خانوادگی,فرزندآوری,2,66.113457
خوزستان,زندگی خانوادگی,روابط خانوادگی,2,9.7642298
خوزستان,زندگی خانوادگی,پایداری خانواده,2,20.268152
خوزستان,مصرف فرهنگی و رسانه‌ای,سینما و تلویزیون,1,2.3502154
خوزستان,مصرف فرهنگی و رسانه‌ای,کتاب و مطبوعات,1,10.858059
خوزستان,مصرف فرهنگی و رسانه‌ای,موسیقی و هنرهای تجسمی,1,30.148411
خوزستان,مصرف فرهنگی و رسانه‌ای,مد و فراغت,1,9.2085505
خوزستان,همبستگی و سرمایه اجتماعی,اعتماد و روابط اجتماعی,7,29.04772
خوزستان,همبستگی و سرمایه اجتماعی,هنجارها و سلامت نهادی,7,6.4363799
خوزستان,همبستگی و سرمایه اجتماعی,مشارکت و کنش جمعی,7,8.646348
خوزستان,همبستگی و سرمایه اجتماعی,تعلق ملی,7,16.670456
خوزستان,دانش و سرمایه انسانی,عدالت آموزشی,4,33.380661
خوزستان,دانش و سرمایه انسانی,فراگیری آموزش,4,7.686348
خوزستان,دانش و سرمایه انسانی,کیفیت آموزشی,4,9.6777725
خوزستان,معیشت و فرهنگ اقتصادی,الگوی مصرف,4,50.400372
خوزستان,معیشت و فرهنگ اقتصادی,بازار کار و اشتغال,4,10.267668
خوزستان,معیشت و فرهنگ اقتصادی,فرهنگ اقتصادی,4,6.6239533
خوزستان,معیشت و فرهنگ اقتصادی,قدرت خرید و معیشت,4,3.9882927
خوزستان,معیشت و فرهنگ اقتصادی,برخورداری اقتصادی,4,6.5172801
خوزستان,رفاه و عدالت اجتماعی,انرژی و خدمات عمومی,1,22.802593
خوزستان,رفاه و عدالت اجتماعی,حمایت اجتماعی,1,41.746525
خوزستان,رفاه و عدالت اجتماعی,زیرساخت آموزشی,1,24.675257
خوزستان,رفاه و عدالت اجتماعی,سلامت و بهداشت,1,8.9027023
خوزستان,رفاه و عدالت اجتماعی,مسکن و سرپناه,1,7.6575136
خوزستان,مسائل اجتماعی,جرم و ناامنی,6,7.1658206
خوزستان,مسائل اجتماعی,سلامت اجتماعی,6,22.145832
خوزستان,مسائل اجتماعی,سبک زندگی و مصرف,6,11.20907
خوزستان,مسائل اجتماعی,باورها و رفتارهای فرهنگی,6,1.7036799
خوزستان,مسائل اجتماعی,روابط و امنیت اجتماعی,6,9.6753845
زنجان,معنویت و ارزش‌های دینی,باور دینی,4,42.175747
زنجان,معنویت و ارزش‌های دینی,عمل دینی,4,43.010941
زنجان,معنویت و ارزش‌های دینی,هویت و پیوند دینی,4,7.8771892
زنجان,معنویت و ارزش‌های دینی,مشارکت مذهبی,4,52.802036
زنجان,معنویت و ارزش‌های دینی,سبک زندگی دینی,4,19.036476
زنجان,زندگی خانوادگی,تشکیل خانواده,4,8.177412
زنجان,زندگی خانوادگی,فرزندآوری,4,8.979146
زنجان,زندگی خانوادگی,روابط خانوادگی,4,4.9706345
زنجان,زندگی خانوادگی,پایداری خانواده,4,1.6563787
زنجان,مصرف فرهنگی و رسانه‌ای,سینما و تلویزیون,6,6.7381177
زنجان,مصرف فرهنگی و رسانه‌ای,کتاب و مطبوعات,6,21.620136
زنجان,مصرف فرهنگی و رسانه‌ای,موسیقی و هنرهای تجسمی,6,26.062056
زنجان,مصرف فرهنگی و رسانه‌ای,مد و فراغت,6,8.4867506
زنجان,همبستگی و سرمایه اجتماعی,اعتماد و روابط اجتماعی,1,.14919692
زنجان,همبستگی و سرمایه اجتماعی,هنجارها و سلامت نهادی,1,30.726856
زنجان,همبستگی و سرمایه اجتماعی,مشارکت و کنش جمعی,1,5.2517023
زنجان,همبستگی و سرمایه اجتماعی,تعلق ملی,1,37.958225
زنجان,دانش و سرمایه انسانی,عدالت آموزشی,5,12.490861
زنجان,دانش و سرمایه انسانی,فراگیری آموزش,5,39.087238
زنجان,دانش و سرمایه انسانی,کیفیت آموزشی,5,44.633812
زنجان,معیشت و فرهنگ اقتصادی,الگوی مصرف,1,15.034213
زنجان,معیشت و فرهنگ اقتصادی,بازار کار و اشتغال,1,40.7929
زنجان,معیشت و فرهنگ اقتصادی,فرهنگ اقتصادی,1,15.16371
زنجان,معیشت و فرهنگ اقتصادی,قدرت خرید و معیشت,1,1.5660312
زنجان,معیشت و فرهنگ اقتصادی,برخورداری اقتصادی,1,42.759922
زنجان,رفاه و عدالت اجتماعی,انرژی و خدمات عمومی,1,32.859844
زنجان,رفاه و عدالت اجتماعی,حمایت اجتماعی,1,21.600056
زنجان,رفاه و عدالت اجتماعی,زیرساخت آموزشی,1,52.212341
زنجان,رفاه و عدالت اجتماعی,سلامت و بهداشت,1,27.817736
زنجان,رفاه و عدالت اجتماعی,مسکن و سرپناه,1,26.658937
زنجان,مسائل اجتماعی,جرم و ناامنی,2,7.4025412
زنجان,مسائل اجتماعی,سلامت اجتماعی,2,3.3454716
زنجان,مسائل اجتماعی,سبک زندگی و مصرف,2,12.388171
زنجان,مسائل اجتماعی,باورها و رفتارهای فرهنگی,2,.049410287
زنجان,مسائل اجتماعی,روابط و امنیت اجتماعی,2,32.635174
سمنان,معنویت و ارزش‌های دینی,باور دینی,4,5.3653479
سمنان,معنویت و ارزش‌های دینی,عمل دینی,4,4.1228633
سمنان,معنویت و ارزش‌های دینی,هویت و پیوند دینی,4,37.934265
سمنان,معنویت و ارزش‌های دینی,مشارکت مذهبی,4,29.063042
سمنان,معنویت و ارزش‌های دینی,سبک زندگی دینی,4,12.027981
سمنان,زندگی خانوادگی,تشکیل خانواده,8,7.9913387
سمنان,زندگی خانوادگی,فرزندآوری,8,12.933617
سمنان,زندگی خانوادگی,روابط خانوادگی,8,5.3600831
سمنان,زندگی خانوادگی,پایداری خانواده,8,1.4389696
سمنان,مصرف فرهنگی و رسانه‌ای,سینما و تلویزیون,3,11.948446
سمنان,مصرف فرهنگی و رسانه‌ای,کتاب و مطبوعات,3,3.6639588
سمنان,مصرف فرهنگی و رسانه‌ای,موسیقی و هنرهای تجسمی,3,3.5277362
سمنان,مصرف فرهنگی و رسانه‌ای,مد و فراغت,3,11.379834
سمنان,همبستگی و سرمایه اجتماعی,اعتماد و روابط اجتماعی,9,37.20475
سمنان,همبستگی و سرمایه اجتماعی,هنجارها و سلامت نهادی,9,4.5835714
سمنان,همبستگی و سرمایه اجتماعی,مشارکت و کنش جمعی,9,2.0188692
سمنان,همبستگی و سرمایه اجتماعی,تعلق ملی,9,11.799711
سمنان,دانش و سرمایه انسانی,عدالت آموزشی,5,7.7480783
سمنان,دانش و سرمایه انسانی,فراگیری آموزش,5,4.6050482
سمنان,دانش و سرمایه انسانی,کیفیت آموزشی,5,2.0021179
سمنان,معیشت و فرهنگ اقتصادی,الگوی مصرف,1,13.959845
سمنان,معیشت و فرهنگ اقتصادی,بازار کار و اشتغال,1,10.34947
سمنان,معیشت و فرهنگ اقتصادی,فرهنگ اقتصادی,1,35.76075
سمنان,معیشت و فرهنگ اقتصادی,قدرت خرید و معیشت,1,16.141821
سمنان,معیشت و فرهنگ اقتصادی,برخورداری اقتصادی,1,17.234219
سمنان,رفاه و عدالت اجتماعی,انرژی و خدمات عمومی,4,8.2965736
سمنان,رفاه و عدالت اجتماعی,حمایت اجتماعی,4,2.977756
سمنان,رفاه و عدالت اجتماعی,زیرساخت آموزشی,4,42.24239
سمنان,رفاه و عدالت اجتماعی,سلامت و بهداشت,4,5.8548803
سمنان,رفاه و عدالت اجتماعی,مسکن و سرپناه,4,5.1687684
سمنان,مسائل اجتماعی,جرم و ناامنی,10,33.78595
سمنان,مسائل اجتماعی,سلامت اجتماعی,10,39.787319
سمنان,مسائل اجتماعی,سبک زندگی و مصرف,10,68.611153
سمنان,مسائل اجتماعی,باورها و رفتارهای فرهنگی,10,31.184435
سمنان,مسائل اجتماعی,روابط و امنیت اجتماعی,10,54.334641
سیستان و بلوچستان,معنویت و ارزش‌های دینی,باور دینی,3,.64702892
سیستان و بلوچستان,معنویت و ارزش‌های دینی,عمل دینی,3,12.855173
سیستان و بلوچستان,معنویت و ارزش‌های دینی,هویت و پیوند دینی,3,12.006943
سیستان و بلوچستان,معنویت و ارزش‌های دینی,مشارکت مذهبی,3,11.807217
سیستان و بلوچستان,معنویت و ارزش‌های دینی,سبک زندگی دینی,3,38.110409
سیستان و بلوچستان,زندگی خانوادگی,تشکیل خانواده,9,55.496967
سیستان و بلوچستان,زندگی خانوادگی,فرزندآوری,9,73.198181
سیستان و بلوچستان,زندگی خانوادگی,روابط خانوادگی,9,8.0612059
سیستان و بلوچستان,زندگی خانوادگی,پایداری خانواده,9,18.003525
سیستان و بلوچستان,مصرف فرهنگی و رسانه‌ای,سینما و تلویزیون,9,1.7652855
سیستان و بلوچستان,مصرف فرهنگی و رسانه‌ای,کتاب و مطبوعات,9,2.0317276
سیستان و بلوچستان,مصرف فرهنگی و رسانه‌ای,موسیقی و هنرهای تجسمی,9,7.4957671
سیستان و بلوچستان,مصرف فرهنگی و رسانه‌ای,مد و فراغت,9,7.7979379
سیستان و بلوچستان,همبستگی و سرمایه اجتماعی,اعتماد و روابط اجتماعی,1,16.571913
سیستان و بلوچستان,همبستگی و سرمایه اجتماعی,هنجارها و سلامت نهادی,1,72.013954
سیستان و بلوچستان,همبستگی و سرمایه اجتماعی,مشارکت و کنش جمعی,1,6.0218887
سیستان و بلوچستان,همبستگی و سرمایه اجتماعی,تعلق ملی,1,6.3928528
سیستان و بلوچستان,دانش و سرمایه انسانی,عدالت آموزشی,3,16.894447
سیستان و بلوچستان,دانش و سرمایه انسانی,فراگیری آموزش,3,.48595557
سیستان و بلوچستان,دانش و سرمایه انسانی,کیفیت آموزشی,3,.69384944
سیستان و بلوچستان,معیشت و فرهنگ اقتصادی,الگوی مصرف,5,6.9436698
سیستان و بلوچستان,معیشت و فرهنگ اقتصادی,بازار کار و اشتغال,5,1.7410402
سیستان و بلوچستان,معیشت و فرهنگ اقتصادی,فرهنگ اقتصادی,5,.61321568
سیستان و بلوچستان,معیشت و فرهنگ اقتصادی,قدرت خرید و معیشت,5,5.3843665
سیستان و بلوچستان,معیشت و فرهنگ اقتصادی,برخورداری اقتصادی,5,1.4469012
سیستان و بلوچستان,رفاه و عدالت اجتماعی,انرژی و خدمات عمومی,10,1.392054
سیستان و بلوچستان,رفاه و عدالت اجتماعی,حمایت اجتماعی,10,17.702595
سیستان و بلوچستان,رفاه و عدالت اجتماعی,زیرساخت آموزشی,10,22.547201
سیستان و بلوچستان,رفاه و عدالت اجتماعی,سلامت و بهداشت,10,5.993041
سیستان و بلوچستان,رفاه و عدالت اجتماعی,مسکن و سرپناه,10,.57664806
سیستان و بلوچستان,مسائل اجتماعی,جرم و ناامنی,12,1.6375568
سیستان و بلوچستان,مسائل اجتماعی,سلامت اجتماعی,12,32.303307
سیستان و بلوچستان,مسائل اجتماعی,سبک زندگی و مصرف,12,64.803497
سیستان و بلوچستان,مسائل اجتماعی,باورها و رفتارهای فرهنگی,12,12.880753
سیستان و بلوچستان,مسائل اجتماعی,روابط و امنیت اجتماعی,12,.95759445
فارس,معنویت و ارزش‌های دینی,باور دینی,1,9.3256302
فارس,معنویت و ارزش‌های دینی,عمل دینی,1,4.6376591
فارس,معنویت و ارزش‌های دینی,هویت و پیوند دینی,1,13.8851
فارس,معنویت و ارزش‌های دینی,مشارکت مذهبی,1,6.0730658
فارس,معنویت و ارزش‌های دینی,سبک زندگی دینی,1,23.321642
فارس,زندگی خانوادگی,تشکیل خانواده,8,11.398373
فارس,زندگی خانوادگی,فرزندآوری,8,15.804543
فارس,زندگی خانوادگی,روابط خانوادگی,8,.49549502
فارس,زندگی خانوادگی,پایداری خانواده,8,31.954845
فارس,مصرف فرهنگی و رسانه‌ای,سینما و تلویزیون,2,29.96176
فارس,مصرف فرهنگی و رسانه‌ای,کتاب و مطبوعات,2,36.777489
فارس,مصرف فرهنگی و رسانه‌ای,موسیقی و هنرهای تجسمی,2,8.8806839
فارس,مصرف فرهنگی و رسانه‌ای,مد و فراغت,2,12.198501
فارس,همبستگی و سرمایه اجتماعی,اعتماد و روابط اجتماعی,4,10.586895
فارس,همبستگی و سرمایه اجتماعی,هنجارها و سلامت نهادی,4,12.931444
فارس,همبستگی و سرمایه اجتماعی,مشارکت و کنش جمعی,4,13.828662
فارس,همبستگی و سرمایه اجتماعی,تعلق ملی,4,7.5432215
فارس,دانش و سرمایه انسانی,عدالت آموزشی,1,33.707195
فارس,دانش و سرمایه انسانی,فراگیری آموزش,1,41.541916
فارس,دانش و سرمایه انسانی,کیفیت آموزشی,1,19.104017
فارس,معیشت و فرهنگ اقتصادی,الگوی مصرف,5,9.3875637
فارس,معیشت و فرهنگ اقتصادی,بازار کار و اشتغال,5,1.3237649
فارس,معیشت و فرهنگ اقتصادی,فرهنگ اقتصادی,5,18.262589
فارس,معیشت و فرهنگ اقتصادی,قدرت خرید و معیشت,5,6.6483049
فارس,معیشت و فرهنگ اقتصادی,برخورداری اقتصادی,5,10.891078
فارس,رفاه و عدالت اجتماعی,انرژی و خدمات عمومی,1,23.018219
فارس,رفاه و عدالت اجتماعی,حمایت اجتماعی,1,37.748169
فارس,رفاه و عدالت اجتماعی,زیرساخت آموزشی,1,1.4836918
فارس,رفاه و عدالت اجتماعی,سلامت و بهداشت,1,10.287145
فارس,رفاه و عدالت اجتماعی,مسکن و سرپناه,1,24.212351
فارس,مسائل اجتماعی,جرم و ناامنی,4,18.700747
فارس,مسائل اجتماعی,سلامت اجتماعی,4,6.4169946
فارس,مسائل اجتماعی,سبک زندگی و مصرف,4,28.399002
فارس,مسائل اجتماعی,باورها و رفتارهای فرهنگی,4,46.013569
فارس,مسائل اجتماعی,روابط و امنیت اجتماعی,4,63.403946
قزوین,معنویت و ارزش‌های دینی,باور دینی,1,7.0550079
قزوین,معنویت و ارزش‌های دینی,عمل دینی,1,32.673115
قزوین,معنویت و ارزش‌های دینی,هویت و پیوند دینی,1,33.016529
قزوین,معنویت و ارزش‌های دینی,مشارکت مذهبی,1,39.839832
قزوین,معنویت و ارزش‌های دینی,سبک زندگی دینی,1,.48490426
قزوین,زندگی خانوادگی,تشکیل خانواده,5,4.0182772
قزوین,زندگی خانوادگی,فرزندآوری,5,15.16724
قزوین,زندگی خانوادگی,روابط خانوادگی,5,77.842018
قزوین,زندگی خانوادگی,پایداری خانواده,5,45.528526
قزوین,مصرف فرهنگی و رسانه‌ای,سینما و تلویزیون,6,22.098459
قزوین,مصرف فرهنگی و رسانه‌ای,کتاب و مطبوعات,6,33.799801
قزوین,مصرف فرهنگی و رسانه‌ای,موسیقی و هنرهای تجسمی,6,17.997725
قزوین,مصرف فرهنگی و رسانه‌ای,مد و فراغت,6,16.131329
قزوین,همبستگی و سرمایه اجتماعی,اعتماد و روابط اجتماعی,4,17.566717
قزوین,همبستگی و سرمایه اجتماعی,هنجارها و سلامت نهادی,4,8.9033279
قزوین,همبستگی و سرمایه اجتماعی,مشارکت و کنش جمعی,4,31.449207
قزوین,همبستگی و سرمایه اجتماعی,تعلق ملی,4,33.978828
قزوین,دانش و سرمایه انسانی,عدالت آموزشی,5,36.684044
قزوین,دانش و سرمایه انسانی,فراگیری آموزش,5,46.239105
قزوین,دانش و سرمایه انسانی,کیفیت آموزشی,5,20.771816
قزوین,معیشت و فرهنگ اقتصادی,الگوی مصرف,1,1.8836222
قزوین,معیشت و فرهنگ اقتصادی,بازار کار و اشتغال,1,46.769028
قزوین,معیشت و فرهنگ اقتصادی,فرهنگ اقتصادی,1,8.776247
قزوین,معیشت و فرهنگ اقتصادی,قدرت خرید و معیشت,1,16.895575
قزوین,معیشت و فرهنگ اقتصادی,برخورداری اقتصادی,1,30.312971
قزوین,رفاه و عدالت اجتماعی,انرژی و خدمات عمومی,5,13.734615
قزوین,رفاه و عدالت اجتماعی,حمایت اجتماعی,5,6.992794
قزوین,رفاه و عدالت اجتماعی,زیرساخت آموزشی,5,13.191907
قزوین,رفاه و عدالت اجتماعی,سلامت و بهداشت,5,3.0712044
قزوین,رفاه و عدالت اجتماعی,مسکن و سرپناه,5,16.608597
قزوین,مسائل اجتماعی,جرم و ناامنی,4,8.1695604
قزوین,مسائل اجتماعی,سلامت اجتماعی,4,2.0190785
قزوین,مسائل اجتماعی,سبک زندگی و مصرف,4,10.928905
قزوین,مسائل اجتماعی,باورها و رفتارهای فرهنگی,4,42.716084
قزوین,مسائل اجتماعی,روابط و امنیت اجتماعی,4,65.970955
قم,معنویت و ارزش‌های دینی,باور دینی,3,26.391151
قم,معنویت و ارزش‌های دینی,عمل دینی,3,12.485269
قم,معنویت و ارزش‌های دینی,هویت و پیوند دینی,3,40.181999
قم,معنویت و ارزش‌های دینی,مشارکت مذهبی,3,27.243223
قم,معنویت و ارزش‌های دینی,سبک زندگی دینی,3,8.8404417
قم,زندگی خانوادگی,تشکیل خانواده,2,20.36021
قم,زندگی خانوادگی,فرزندآوری,2,33.118614
قم,زندگی خانوادگی,روابط خانوادگی,2,.5381425
قم,زندگی خانوادگی,پایداری خانواده,2,4.5194659
قم,مصرف فرهنگی و رسانه‌ای,سینما و تلویزیون,8,27.333166
قم,مصرف فرهنگی و رسانه‌ای,کتاب و مطبوعات,8,53.211426
قم,مصرف فرهنگی و رسانه‌ای,موسیقی و هنرهای تجسمی,8,11.482095
قم,مصرف فرهنگی و رسانه‌ای,مد و فراغت,8,24.408812
قم,همبستگی و سرمایه اجتماعی,اعتماد و روابط اجتماعی,8,24.114548
قم,همبستگی و سرمایه اجتماعی,هنجارها و سلامت نهادی,8,29.833017
قم,همبستگی و سرمایه اجتماعی,مشارکت و کنش جمعی,8,73.990028
قم,همبستگی و سرمایه اجتماعی,تعلق ملی,8,52.175549
قم,دانش و سرمایه انسانی,عدالت آموزشی,2,46.545471
قم,دانش و سرمایه انسانی,فراگیری آموزش,2,25.690287
قم,دانش و سرمایه انسانی,کیفیت آموزشی,2,6.9846635
قم,معیشت و فرهنگ اقتصادی,الگوی مصرف,4,50.093685
قم,معیشت و فرهنگ اقتصادی,بازار کار و اشتغال,4,6.346128
قم,معیشت و فرهنگ اقتصادی,فرهنگ اقتصادی,4,30.70619
قم,معیشت و فرهنگ اقتصادی,قدرت خرید و معیشت,4,37.569126
قم,معیشت و فرهنگ اقتصادی,برخورداری اقتصادی,4,1.1643543
قم,رفاه و عدالت اجتماعی,انرژی و خدمات عمومی,11,15.52564
قم,رفاه و عدالت اجتماعی,حمایت اجتماعی,11,4.6571951
قم,رفاه و عدالت اجتماعی,زیرساخت آموزشی,11,3.8430192
قم,رفاه و عدالت اجتماعی,سلامت و بهداشت,11,5.266489
قم,رفاه و عدالت اجتماعی,مسکن و سرپناه,11,32.088478
قم,مسائل اجتماعی,جرم و ناامنی,5,17.549829
قم,مسائل اجتماعی,سلامت اجتماعی,5,35.266987
قم,مسائل اجتماعی,سبک زندگی و مصرف,5,39.764786
قم,مسائل اجتماعی,باورها و رفتارهای فرهنگی,5,13.328084
قم,مسائل اجتماعی,روابط و امنیت اجتماعی,5,4.5857258
کردستان,معنویت و ارزش‌های دینی,باور دینی,2,5.9818535
کردستان,معنویت و ارزش‌های دینی,عمل دینی,2,16.482059
کردستان,معنویت و ارزش‌های دینی,هویت و پیوند دینی,2,2.1701412
کردستان,معنویت و ارزش‌های دینی,مشارکت مذهبی,2,.22506547
کردستان,معنویت و ارزش‌های دینی,سبک زندگی دینی,2,3.1988204
کردستان,زندگی خانوادگی,تشکیل خانواده,1,28.724957
کردستان,زندگی خانوادگی,فرزندآوری,1,6.8326283
کردستان,زندگی خانوادگی,روابط خانوادگی,1,.29770318
کردستان,زندگی خانوادگی,پایداری خانواده,1,5.1832809
کردستان,مصرف فرهنگی و رسانه‌ای,سینما و تلویزیون,1,18.687965
کردستان,مصرف فرهنگی و رسانه‌ای,کتاب و مطبوعات,1,4.131844
کردستان,مصرف فرهنگی و رسانه‌ای,موسیقی و هنرهای تجسمی,1,59.774635
کردستان,مصرف فرهنگی و رسانه‌ای,مد و فراغت,1,.39758715
کردستان,همبستگی و سرمایه اجتماعی,اعتماد و روابط اجتماعی,2,9.5889883
کردستان,همبستگی و سرمایه اجتماعی,هنجارها و سلامت نهادی,2,42.723679
کردستان,همبستگی و سرمایه اجتماعی,مشارکت و کنش جمعی,2,.32770643
کردستان,همبستگی و سرمایه اجتماعی,تعلق ملی,2,1.5149027
کردستان,دانش و سرمایه انسانی,عدالت آموزشی,4,3.8369095
کردستان,دانش و سرمایه انسانی,فراگیری آموزش,4,3.5933797
کردستان,دانش و سرمایه انسانی,کیفیت آموزشی,4,2.959022
کردستان,معیشت و فرهنگ اقتصادی,الگوی مصرف,5,5.2986498
کردستان,معیشت و فرهنگ اقتصادی,بازار کار و اشتغال,5,12.430459
کردستان,معیشت و فرهنگ اقتصادی,فرهنگ اقتصادی,5,1.9061998
کردستان,معیشت و فرهنگ اقتصادی,قدرت خرید و معیشت,5,13.731884
کردستان,معیشت و فرهنگ اقتصادی,برخورداری اقتصادی,5,25.203995
کردستان,رفاه و عدالت اجتماعی,انرژی و خدمات عمومی,5,6.2754188
کردستان,رفاه و عدالت اجتماعی,حمایت اجتماعی,5,8.3017864
کردستان,رفاه و عدالت اجتماعی,زیرساخت آموزشی,5,6.3637724
کردستان,رفاه و عدالت اجتماعی,سلامت و بهداشت,5,9.2988186
کردستان,رفاه و عدالت اجتماعی,مسکن و سرپناه,5,22.322842
کردستان,مسائل اجتماعی,جرم و ناامنی,2,13.03355
کردستان,مسائل اجتماعی,سلامت اجتماعی,2,12.712236
کردستان,مسائل اجتماعی,سبک زندگی و مصرف,2,12.616127
کردستان,مسائل اجتماعی,باورها و رفتارهای فرهنگی,2,9.3965178
کردستان,مسائل اجتماعی,روابط و امنیت اجتماعی,2,64.455833
کرمان,معنویت و ارزش‌های دینی,باور دینی,4,46.93327
کرمان,معنویت و ارزش‌های دینی,عمل دینی,4,15.058341
کرمان,معنویت و ارزش‌های دینی,هویت و پیوند دینی,4,45.237469
کرمان,معنویت و ارزش‌های دینی,مشارکت مذهبی,4,56.082108
کرمان,معنویت و ارزش‌های دینی,سبک زندگی دینی,4,47.748482
کرمان,زندگی خانوادگی,تشکیل خانواده,10,62.170135
کرمان,زندگی خانوادگی,فرزندآوری,10,16.850561
کرمان,زندگی خانوادگی,روابط خانوادگی,10,10.373455
کرمان,زندگی خانوادگی,پایداری خانواده,10,22.25316
کرمان,مصرف فرهنگی و رسانه‌ای,سینما و تلویزیون,9,6.0241446
کرمان,مصرف فرهنگی و رسانه‌ای,کتاب و مطبوعات,9,2.5783813
کرمان,مصرف فرهنگی و رسانه‌ای,موسیقی و هنرهای تجسمی,9,5.5741539
کرمان,مصرف فرهنگی و رسانه‌ای,مد و فراغت,9,21.513277
کرمان,همبستگی و سرمایه اجتماعی,اعتماد و روابط اجتماعی,1,5.8943372
کرمان,همبستگی و سرمایه اجتماعی,هنجارها و سلامت نهادی,1,46.255779
کرمان,همبستگی و سرمایه اجتماعی,مشارکت و کنش جمعی,1,8.3773518
کرمان,همبستگی و سرمایه اجتماعی,تعلق ملی,1,18.994438
کرمان,دانش و سرمایه انسانی,عدالت آموزشی,4,9.3666048
کرمان,دانش و سرمایه انسانی,فراگیری آموزش,4,18.215971
کرمان,دانش و سرمایه انسانی,کیفیت آموزشی,4,14.85344
کرمان,معیشت و فرهنگ اقتصادی,الگوی مصرف,2,23.487146
کرمان,معیشت و فرهنگ اقتصادی,بازار کار و اشتغال,2,3.0758245
کرمان,معیشت و فرهنگ اقتصادی,فرهنگ اقتصادی,2,27.681662
کرمان,معیشت و فرهنگ اقتصادی,قدرت خرید و معیشت,2,18.005234
کرمان,معیشت و فرهنگ اقتصادی,برخورداری اقتصادی,2,10.858641
کرمان,رفاه و عدالت اجتماعی,انرژی و خدمات عمومی,2,4.7795362
کرمان,رفاه و عدالت اجتماعی,حمایت اجتماعی,2,10.209205
کرمان,رفاه و عدالت اجتماعی,زیرساخت آموزشی,2,22.728331
کرمان,رفاه و عدالت اجتماعی,سلامت و بهداشت,2,33.66608
کرمان,رفاه و عدالت اجتماعی,مسکن و سرپناه,2,43.543915
کرمان,مسائل اجتماعی,جرم و ناامنی,9,5.0747581
کرمان,مسائل اجتماعی,سلامت اجتماعی,9,43.369728
کرمان,مسائل اجتماعی,سبک زندگی و مصرف,9,13.564725
کرمان,مسائل اجتماعی,باورها و رفتارهای فرهنگی,9,8.290967
کرمان,مسائل اجتماعی,روابط و امنیت اجتماعی,9,29.075186
کرمانشاه,معنویت و ارزش‌های دینی,باور دینی,1,28.134026
کرمانشاه,معنویت و ارزش‌های دینی,عمل دینی,1,7.5573807
کرمانشاه,معنویت و ارزش‌های دینی,هویت و پیوند دینی,1,15.259357
کرمانشاه,معنویت و ارزش‌های دینی,مشارکت مذهبی,1,3.4413319
کرمانشاه,معنویت و ارزش‌های دینی,سبک زندگی دینی,1,29.295002
کرمانشاه,زندگی خانوادگی,تشکیل خانواده,7,7.9805074
کرمانشاه,زندگی خانوادگی,فرزندآوری,7,1.8484637
کرمانشاه,زندگی خانوادگی,روابط خانوادگی,7,5.6063762
کرمانشاه,زندگی خانوادگی,پایداری خانواده,7,5.7603817
کرمانشاه,مصرف فرهنگی و رسانه‌ای,سینما و تلویزیون,6,18.956369
کرمانشاه,مصرف فرهنگی و رسانه‌ای,کتاب و مطبوعات,6,.40911117
کرمانشاه,مصرف فرهنگی و رسانه‌ای,موسیقی و هنرهای تجسمی,6,9.155489
کرمانشاه,مصرف فرهنگی و رسانه‌ای,مد و فراغت,6,14.253917
کرمانشاه,همبستگی و سرمایه اجتماعی,اعتماد و روابط اجتماعی,1,8.783555
کرمانشاه,همبستگی و سرمایه اجتماعی,هنجارها و سلامت نهادی,1,13.826403
کرمانشاه,همبستگی و سرمایه اجتماعی,مشارکت و کنش جمعی,1,12.340611
کرمانشاه,همبستگی و سرمایه اجتماعی,تعلق ملی,1,29.35358
کرمانشاه,دانش و سرمایه انسانی,عدالت آموزشی,4,34.586098
کرمانشاه,دانش و سرمایه انسانی,فراگیری آموزش,4,10.750593
کرمانشاه,دانش و سرمایه انسانی,کیفیت آموزشی,4,24.327513
کرمانشاه,معیشت و فرهنگ اقتصادی,الگوی مصرف,5,14.78315
کرمانشاه,معیشت و فرهنگ اقتصادی,بازار کار و اشتغال,5,5.5938063
کرمانشاه,معیشت و فرهنگ اقتصادی,فرهنگ اقتصادی,5,41.650703
کرمانشاه,معیشت و فرهنگ اقتصادی,قدرت خرید و معیشت,5,.97516197
کرمانشاه,معیشت و فرهنگ اقتصادی,برخورداری اقتصادی,5,2.7748444
کرمانشاه,رفاه و عدالت اجتماعی,انرژی و خدمات عمومی,1,4.4591217
کرمانشاه,رفاه و عدالت اجتماعی,حمایت اجتماعی,1,27.462805
کرمانشاه,رفاه و عدالت اجتماعی,زیرساخت آموزشی,1,15.944756
کرمانشاه,رفاه و عدالت اجتماعی,سلامت و بهداشت,1,48.342918
کرمانشاه,رفاه و عدالت اجتماعی,مسکن و سرپناه,1,5.2271914
کرمانشاه,مسائل اجتماعی,جرم و ناامنی,3,17.841888
کرمانشاه,مسائل اجتماعی,سلامت اجتماعی,3,27.496193
کرمانشاه,مسائل اجتماعی,سبک زندگی و مصرف,3,2.5418284
کرمانشاه,مسائل اجتماعی,باورها و رفتارهای فرهنگی,3,3.2753048
کرمانشاه,مسائل اجتماعی,روابط و امنیت اجتماعی,3,10.016524
کهگیلویه و بویراحمد,معنویت و ارزش‌های دینی,باور دینی,4,35.422661
کهگیلویه و بویراحمد,معنویت و ارزش‌های دینی,عمل دینی,4,26.286051
کهگیلویه و بویراحمد,معنویت و ارزش‌های دینی,هویت و پیوند دینی,4,49.576233
کهگیلویه و بویراحمد,معنویت و ارزش‌های دینی,مشارکت مذهبی,4,14.612243
کهگیلویه و بویراحمد,معنویت و ارزش‌های دینی,سبک زندگی دینی,4,4.3987389
کهگیلویه و بویراحمد,زندگی خانوادگی,تشکیل خانواده,6,30.287212
کهگیلویه و بویراحمد,زندگی خانوادگی,فرزندآوری,6,24.793062
کهگیلویه و بویراحمد,زندگی خانوادگی,روابط خانوادگی,6,8.0782585
کهگیلویه و بویراحمد,زندگی خانوادگی,پایداری خانواده,6,8.5126324
کهگیلویه و بویراحمد,مصرف فرهنگی و رسانه‌ای,سینما و تلویزیون,4,7.2652707
کهگیلویه و بویراحمد,مصرف فرهنگی و رسانه‌ای,کتاب و مطبوعات,4,5.8588367
کهگیلویه و بویراحمد,مصرف فرهنگی و رسانه‌ای,موسیقی و هنرهای تجسمی,4,12.102473
کهگیلویه و بویراحمد,مصرف فرهنگی و رسانه‌ای,مد و فراغت,4,53.167515
کهگیلویه و بویراحمد,همبستگی و سرمایه اجتماعی,اعتماد و روابط اجتماعی,8,2.0083072
کهگیلویه و بویراحمد,همبستگی و سرمایه اجتماعی,هنجارها و سلامت نهادی,8,30.830677
کهگیلویه و بویراحمد,همبستگی و سرمایه اجتماعی,مشارکت و کنش جمعی,8,23.129539
کهگیلویه و بویراحمد,همبستگی و سرمایه اجتماعی,تعلق ملی,8,42.585564
کهگیلویه و بویراحمد,دانش و سرمایه انسانی,عدالت آموزشی,1,3.7527812
کهگیلویه و بویراحمد,دانش و سرمایه انسانی,فراگیری آموزش,1,32.808659
کهگیلویه و بویراحمد,دانش و سرمایه انسانی,کیفیت آموزشی,1,14.121953
کهگیلویه و بویراحمد,معیشت و فرهنگ اقتصادی,الگوی مصرف,4,22.505201
کهگیلویه و بویراحمد,معیشت و فرهنگ اقتصادی,بازار کار و اشتغال,4,10.709009
کهگیلویه و بویراحمد,معیشت و فرهنگ اقتصادی,فرهنگ اقتصادی,4,8.0325308
کهگیلویه و بویراحمد,معیشت و فرهنگ اقتصادی,قدرت خرید و معیشت,4,54.828423
کهگیلویه و بویراحمد,معیشت و فرهنگ اقتصادی,برخورداری اقتصادی,4,11.867237
کهگیلویه و بویراحمد,رفاه و عدالت اجتماعی,انرژی و خدمات عمومی,7,35.91975
کهگیلویه و بویراحمد,رفاه و عدالت اجتماعی,حمایت اجتماعی,7,1.8131111
کهگیلویه و بویراحمد,رفاه و عدالت اجتماعی,زیرساخت آموزشی,7,24.582878
کهگیلویه و بویراحمد,رفاه و عدالت اجتماعی,سلامت و بهداشت,7,53.377022
کهگیلویه و بویراحمد,رفاه و عدالت اجتماعی,مسکن و سرپناه,7,21.193644
کهگیلویه و بویراحمد,مسائل اجتماعی,جرم و ناامنی,6,22.367287
کهگیلویه و بویراحمد,مسائل اجتماعی,سلامت اجتماعی,6,.41860592
کهگیلویه و بویراحمد,مسائل اجتماعی,سبک زندگی و مصرف,6,21.724325
کهگیلویه و بویراحمد,مسائل اجتماعی,باورها و رفتارهای فرهنگی,6,1.5613573
کهگیلویه و بویراحمد,مسائل اجتماعی,روابط و امنیت اجتماعی,6,7.5993638
لرستان,معنویت و ارزش‌های دینی,باور دینی,4,49.173351
لرستان,معنویت و ارزش‌های دینی,عمل دینی,4,9.0136251
لرستان,معنویت و ارزش‌های دینی,هویت و پیوند دینی,4,32.163132
لرستان,معنویت و ارزش‌های دینی,مشارکت مذهبی,4,26.687899
لرستان,معنویت و ارزش‌های دینی,سبک زندگی دینی,4,17.849678
لرستان,زندگی خانوادگی,تشکیل خانواده,6,13.578745
لرستان,زندگی خانوادگی,فرزندآوری,6,9.942256
لرستان,زندگی خانوادگی,روابط خانوادگی,6,26.716682
لرستان,زندگی خانوادگی,پایداری خانواده,6,2.4853976
لرستان,مصرف فرهنگی و رسانه‌ای,سینما و تلویزیون,6,40.328346
لرستان,مصرف فرهنگی و رسانه‌ای,کتاب و مطبوعات,6,10.410939
لرستان,مصرف فرهنگی و رسانه‌ای,موسیقی و هنرهای تجسمی,6,14.519653
لرستان,مصرف فرهنگی و رسانه‌ای,مد و فراغت,6,.94029295
لرستان,همبستگی و سرمایه اجتماعی,اعتماد و روابط اجتماعی,2,12.947894
لرستان,همبستگی و سرمایه اجتماعی,هنجارها و سلامت نهادی,2,13.181423
لرستان,همبستگی و سرمایه اجتماعی,مشارکت و کنش جمعی,2,14.513436
لرستان,همبستگی و سرمایه اجتماعی,تعلق ملی,2,13.668429
لرستان,دانش و سرمایه انسانی,عدالت آموزشی,4,10.420242
لرستان,دانش و سرمایه انسانی,فراگیری آموزش,4,3.945868
لرستان,دانش و سرمایه انسانی,کیفیت آموزشی,4,21.916225
لرستان,معیشت و فرهنگ اقتصادی,الگوی مصرف,5,4.8832059
لرستان,معیشت و فرهنگ اقتصادی,بازار کار و اشتغال,5,3.5910764
لرستان,معیشت و فرهنگ اقتصادی,فرهنگ اقتصادی,5,13.823218
لرستان,معیشت و فرهنگ اقتصادی,قدرت خرید و معیشت,5,25.363083
لرستان,معیشت و فرهنگ اقتصادی,برخورداری اقتصادی,5,17.938768
لرستان,رفاه و عدالت اجتماعی,انرژی و خدمات عمومی,8,15.590431
لرستان,رفاه و عدالت اجتماعی,حمایت اجتماعی,8,53.208408
لرستان,رفاه و عدالت اجتماعی,زیرساخت آموزشی,8,15.300019
لرستان,رفاه و عدالت اجتماعی,سلامت و بهداشت,8,11.39065
لرستان,رفاه و عدالت اجتماعی,مسکن و سرپناه,8,40.481373
لرستان,مسائل اجتماعی,جرم و ناامنی,7,16.586222
لرستان,مسائل اجتماعی,سلامت اجتماعی,7,21.468473
لرستان,مسائل اجتماعی,سبک زندگی و مصرف,7,9.0850687
لرستان,مسائل اجتماعی,باورها و رفتارهای فرهنگی,7,21.519611
لرستان,مسائل اجتماعی,روابط و امنیت اجتماعی,7,44.727566
مازندران,معنویت و ارزش‌های دینی,باور دینی,4,35.741211
مازندران,معنویت و ارزش‌های دینی,عمل دینی,4,24.987179
مازندران,معنویت و ارزش‌های دینی,هویت و پیوند دینی,4,52.666939
مازندران,معنویت و ارزش‌های دینی,مشارکت مذهبی,4,69.054565
مازندران,معنویت و ارزش‌های دینی,سبک زندگی دینی,4,19.106833
مازندران,زندگی خانوادگی,تشکیل خانواده,5,14.976844
مازندران,زندگی خانوادگی,فرزندآوری,5,6.1640034
مازندران,زندگی خانوادگی,روابط خانوادگی,5,29.649199
مازندران,زندگی خانوادگی,پایداری خانواده,5,8.9375286
مازندران,مصرف فرهنگی و رسانه‌ای,سینما و تلویزیون,3,38.726143
مازندران,مصرف فرهنگی و رسانه‌ای,کتاب و مطبوعات,3,18.048525
مازندران,مصرف فرهنگی و رسانه‌ای,موسیقی و هنرهای تجسمی,3,16.349602
مازندران,مصرف فرهنگی و رسانه‌ای,مد و فراغت,3,46.945499
مازندران,همبستگی و سرمایه اجتماعی,اعتماد و روابط اجتماعی,4,16.782576
مازندران,همبستگی و سرمایه اجتماعی,هنجارها و سلامت نهادی,4,3.0273707
مازندران,همبستگی و سرمایه اجتماعی,مشارکت و کنش جمعی,4,42.098186
مازندران,همبستگی و سرمایه اجتماعی,تعلق ملی,4,57.713501
مازندران,دانش و سرمایه انسانی,عدالت آموزشی,1,19.216799
مازندران,دانش و سرمایه انسانی,فراگیری آموزش,1,69.691811
مازندران,دانش و سرمایه انسانی,کیفیت آموزشی,1,14.869055
مازندران,معیشت و فرهنگ اقتصادی,الگوی مصرف,3,24.043478
مازندران,معیشت و فرهنگ اقتصادی,بازار کار و اشتغال,3,7.4970608
مازندران,معیشت و فرهنگ اقتصادی,فرهنگ اقتصادی,3,28.7883
مازندران,معیشت و فرهنگ اقتصادی,قدرت خرید و معیشت,3,18.601324
مازندران,معیشت و فرهنگ اقتصادی,برخورداری اقتصادی,3,37.575546
مازندران,رفاه و عدالت اجتماعی,انرژی و خدمات عمومی,1,28.067373
مازندران,رفاه و عدالت اجتماعی,حمایت اجتماعی,1,15.387814
مازندران,رفاه و عدالت اجتماعی,زیرساخت آموزشی,1,20.023327
مازندران,رفاه و عدالت اجتماعی,سلامت و بهداشت,1,50.749825
مازندران,رفاه و عدالت اجتماعی,مسکن و سرپناه,1,57.591053
مازندران,مسائل اجتماعی,جرم و ناامنی,2,23.459106
مازندران,مسائل اجتماعی,سلامت اجتماعی,2,22.849947
مازندران,مسائل اجتماعی,سبک زندگی و مصرف,2,33.867249
مازندران,مسائل اجتماعی,باورها و رفتارهای فرهنگی,2,22.01988
مازندران,مسائل اجتماعی,روابط و امنیت اجتماعی,2,10.220264
مرکزی,معنویت و ارزش‌های دینی,باور دینی,4,.78317171
مرکزی,معنویت و ارزش‌های دینی,عمل دینی,4,15.233073
مرکزی,معنویت و ارزش‌های دینی,هویت و پیوند دینی,4,35.32724
مرکزی,معنویت و ارزش‌های دینی,مشارکت مذهبی,4,24.245829
مرکزی,معنویت و ارزش‌های دینی,سبک زندگی دینی,4,17.958801
مرکزی,زندگی خانوادگی,تشکیل خانواده,5,3.7374411
مرکزی,زندگی خانوادگی,فرزندآوری,5,.10362604
مرکزی,زندگی خانوادگی,روابط خانوادگی,5,23.811071
مرکزی,زندگی خانوادگی,پایداری خانواده,5,14.159979
مرکزی,مصرف فرهنگی و رسانه‌ای,سینما و تلویزیون,3,4.1384149
مرکزی,مصرف فرهنگی و رسانه‌ای,کتاب و مطبوعات,3,6.4063277
مرکزی,مصرف فرهنگی و رسانه‌ای,موسیقی و هنرهای تجسمی,3,24.829937
مرکزی,مصرف فرهنگی و رسانه‌ای,مد و فراغت,3,11.090887
مرکزی,همبستگی و سرمایه اجتماعی,اعتماد و روابط اجتماعی,6,14.767463
مرکزی,همبستگی و سرمایه اجتماعی,هنجارها و سلامت نهادی,6,10.02214
مرکزی,همبستگی و سرمایه اجتماعی,مشارکت و کنش جمعی,6,17.713261
مرکزی,همبستگی و سرمایه اجتماعی,تعلق ملی,6,17.662182
مرکزی,دانش و سرمایه انسانی,عدالت آموزشی,5,12.415118
مرکزی,دانش و سرمایه انسانی,فراگیری آموزش,5,23.680227
مرکزی,دانش و سرمایه انسانی,کیفیت آموزشی,5,38.592949
مرکزی,معیشت و فرهنگ اقتصادی,الگوی مصرف,4,2.1794281
مرکزی,معیشت و فرهنگ اقتصادی,بازار کار و اشتغال,4,13.800579
مرکزی,معیشت و فرهنگ اقتصادی,فرهنگ اقتصادی,4,40.21529
مرکزی,معیشت و فرهنگ اقتصادی,قدرت خرید و معیشت,4,11.686496
مرکزی,معیشت و فرهنگ اقتصادی,برخورداری اقتصادی,4,17.248861
مرکزی,رفاه و عدالت اجتماعی,انرژی و خدمات عمومی,6,4.9181461
مرکزی,رفاه و عدالت اجتماعی,حمایت اجتماعی,6,49.609764
مرکزی,رفاه و عدالت اجتماعی,زیرساخت آموزشی,6,.98810703
مرکزی,رفاه و عدالت اجتماعی,سلامت و بهداشت,6,37.149506
مرکزی,رفاه و عدالت اجتماعی,مسکن و سرپناه,6,48.111511
مرکزی,مسائل اجتماعی,جرم و ناامنی,7,7.6545353
مرکزی,مسائل اجتماعی,سلامت اجتماعی,7,20.885721
مرکزی,مسائل اجتماعی,سبک زندگی و مصرف,7,33.276913
مرکزی,مسائل اجتماعی,باورها و رفتارهای فرهنگی,7,19.485765
مرکزی,مسائل اجتماعی,روابط و امنیت اجتماعی,7,52.323139
هرمزگان,معنویت و ارزش‌های دینی,باور دینی,1,22.140265
هرمزگان,معنویت و ارزش‌های دینی,عمل دینی,1,1.2741997
هرمزگان,معنویت و ارزش‌های دینی,هویت و پیوند دینی,1,19.211658
هرمزگان,معنویت و ارزش‌های دینی,مشارکت مذهبی,1,10.666433
هرمزگان,معنویت و ارزش‌های دینی,سبک زندگی دینی,1,17.534781
هرمزگان,زندگی خانوادگی,تشکیل خانواده,9,8.5679159
هرمزگان,زندگی خانوادگی,فرزندآوری,9,29.191181
هرمزگان,زندگی خانوادگی,روابط خانوادگی,9,23.690306
هرمزگان,زندگی خانوادگی,پایداری خانواده,9,5.6493788
هرمزگان,مصرف فرهنگی و رسانه‌ای,سینما و تلویزیون,3,6.9694152
هرمزگان,مصرف فرهنگی و رسانه‌ای,کتاب و مطبوعات,3,5.4386916
هرمزگان,مصرف فرهنگی و رسانه‌ای,موسیقی و هنرهای تجسمی,3,20.303455
هرمزگان,مصرف فرهنگی و رسانه‌ای,مد و فراغت,3,44.220211
هرمزگان,همبستگی و سرمایه اجتماعی,اعتماد و روابط اجتماعی,5,30.12837
هرمزگان,همبستگی و سرمایه اجتماعی,هنجارها و سلامت نهادی,5,2.1456659
هرمزگان,همبستگی و سرمایه اجتماعی,مشارکت و کنش جمعی,5,19.314232
هرمزگان,همبستگی و سرمایه اجتماعی,تعلق ملی,5,5.111043
هرمزگان,دانش و سرمایه انسانی,عدالت آموزشی,6,10.099632
هرمزگان,دانش و سرمایه انسانی,فراگیری آموزش,6,.14788018
هرمزگان,دانش و سرمایه انسانی,کیفیت آموزشی,6,4.1058993
هرمزگان,معیشت و فرهنگ اقتصادی,الگوی مصرف,5,59.226467
هرمزگان,معیشت و فرهنگ اقتصادی,بازار کار و اشتغال,5,5.025177
هرمزگان,معیشت و فرهنگ اقتصادی,فرهنگ اقتصادی,5,6.1259904
هرمزگان,معیشت و فرهنگ اقتصادی,قدرت خرید و معیشت,5,.2092481
هرمزگان,معیشت و فرهنگ اقتصادی,برخورداری اقتصادی,5,10.534353
هرمزگان,رفاه و عدالت اجتماعی,انرژی و خدمات عمومی,10,1.0727311
هرمزگان,رفاه و عدالت اجتماعی,حمایت اجتماعی,10,4.6454363
هرمزگان,رفاه و عدالت اجتماعی,زیرساخت آموزشی,10,12.813135
هرمزگان,رفاه و عدالت اجتماعی,سلامت و بهداشت,10,8.9832973
هرمزگان,رفاه و عدالت اجتماعی,مسکن و سرپناه,10,20.990175
هرمزگان,مسائل اجتماعی,جرم و ناامنی,5,23.10614
هرمزگان,مسائل اجتماعی,سلامت اجتماعی,5,66.601364
هرمزگان,مسائل اجتماعی,سبک زندگی و مصرف,5,4.6354933
هرمزگان,مسائل اجتماعی,باورها و رفتارهای فرهنگی,5,32.146942
هرمزگان,مسائل اجتماعی,روابط و امنیت اجتماعی,5,14.550817
همدان,معنویت و ارزش‌های دینی,باور دینی,1,2.9250441
همدان,معنویت و ارزش‌های دینی,عمل دینی,1,5.1592007
همدان,معنویت و ارزش‌های دینی,هویت و پیوند دینی,1,18.621935
همدان,معنویت و ارزش‌های دینی,مشارکت مذهبی,1,20.632307
همدان,معنویت و ارزش‌های دینی,سبک زندگی دینی,1,14.099578
همدان,زندگی خانوادگی,تشکیل خانواده,1,26.144611
همدان,زندگی خانوادگی,فرزندآوری,1,26.186029
همدان,زندگی خانوادگی,روابط خانوادگی,1,.00043630358
همدان,زندگی خانوادگی,پایداری خانواده,1,22.576347
همدان,مصرف فرهنگی و رسانه‌ای,سینما و تلویزیون,7,50.726738
همدان,مصرف فرهنگی و رسانه‌ای,کتاب و مطبوعات,7,9.2114639
همدان,مصرف فرهنگی و رسانه‌ای,موسیقی و هنرهای تجسمی,7,5.8734884
همدان,مصرف فرهنگی و رسانه‌ای,مد و فراغت,7,13.205258
همدان,همبستگی و سرمایه اجتماعی,اعتماد و روابط اجتماعی,2,8.3262615
همدان,همبستگی و سرمایه اجتماعی,هنجارها و سلامت نهادی,2,4.0474372
همدان,همبستگی و سرمایه اجتماعی,مشارکت و کنش جمعی,2,21.147755
همدان,همبستگی و سرمایه اجتماعی,تعلق ملی,2,4.1908851
همدان,دانش و سرمایه انسانی,عدالت آموزشی,5,16.506495
همدان,دانش و سرمایه انسانی,فراگیری آموزش,5,11.230941
همدان,دانش و سرمایه انسانی,کیفیت آموزشی,5,7.2386885
همدان,معیشت و فرهنگ اقتصادی,الگوی مصرف,4,46.25602
همدان,معیشت و فرهنگ اقتصادی,بازار کار و اشتغال,4,40.795609
همدان,معیشت و فرهنگ اقتصادی,فرهنگ اقتصادی,4,14.974893
همدان,معیشت و فرهنگ اقتصادی,قدرت خرید و معیشت,4,28.680813
همدان,معیشت و فرهنگ اقتصادی,برخورداری اقتصادی,4,2.4452863
همدان,رفاه و عدالت اجتماعی,انرژی و خدمات عمومی,3,1.3206489
همدان,رفاه و عدالت اجتماعی,حمایت اجتماعی,3,5.5459108
همدان,رفاه و عدالت اجتماعی,زیرساخت آموزشی,3,63.366089
همدان,رفاه و عدالت اجتماعی,سلامت و بهداشت,3,23.79295
همدان,رفاه و عدالت اجتماعی,مسکن و سرپناه,3,21.888159
همدان,مسائل اجتماعی,جرم و ناامنی,7,25.99011
همدان,مسائل اجتماعی,سلامت اجتماعی,7,2.1980259
همدان,مسائل اجتماعی,سبک زندگی و مصرف,7,7.7535009
همدان,مسائل اجتماعی,باورها و رفتارهای فرهنگی,7,46.208374
همدان,مسائل اجتماعی,روابط و امنیت اجتماعی,7,24.369476
چهارمحال و بختیاری,معنویت و ارزش‌های دینی,باور دینی,1,54.315083
چهارمحال و بختیاری,معنویت و ارزش‌های دینی,عمل دینی,1,9.6301708
چهارمحال و بختیاری,معنویت و ارزش‌های دینی,هویت و پیوند دینی,1,4.838532
چهارمحال و بختیاری,معنویت و ارزش‌های دینی,مشارکت مذهبی,1,21.422951
چهارمحال و بختیاری,معنویت و ارزش‌های دینی,سبک زندگی دینی,1,5.3451333
چهارمحال و بختیاری,زندگی خانوادگی,تشکیل خانواده,9,22.351782
چهارمحال و بختیاری,زندگی خانوادگی,فرزندآوری,9,34.756985
چهارمحال و بختیاری,زندگی خانوادگی,روابط خانوادگی,9,20.409971
چهارمحال و بختیاری,زندگی خانوادگی,پایداری خانواده,9,11.263887
چهارمحال و بختیاری,مصرف فرهنگی و رسانه‌ای,سینما و تلویزیون,11,.67652804
چهارمحال و بختیاری,مصرف فرهنگی و رسانه‌ای,کتاب و مطبوعات,11,15.026993
چهارمحال و بختیاری,مصرف فرهنگی و رسانه‌ای,موسیقی و هنرهای تجسمی,11,20.643576
چهارمحال و بختیاری,مصرف فرهنگی و رسانه‌ای,مد و فراغت,11,75.776138
چهارمحال و بختیاری,همبستگی و سرمایه اجتماعی,اعتماد و روابط اجتماعی,6,45.181396
چهارمحال و بختیاری,همبستگی و سرمایه اجتماعی,هنجارها و سلامت نهادی,6,17.702171
چهارمحال و بختیاری,همبستگی و سرمایه اجتماعی,مشارکت و کنش جمعی,6,1.3578814
چهارمحال و بختیاری,همبستگی و سرمایه اجتماعی,تعلق ملی,6,29.751915
چهارمحال و بختیاری,دانش و سرمایه انسانی,عدالت آموزشی,5,.48049492
چهارمحال و بختیاری,دانش و سرمایه انسانی,فراگیری آموزش,5,35.25502
چهارمحال و بختیاری,دانش و سرمایه انسانی,کیفیت آموزشی,5,29.153736
چهارمحال و بختیاری,معیشت و فرهنگ اقتصادی,الگوی مصرف,3,11.586798
چهارمحال و بختیاری,معیشت و فرهنگ اقتصادی,بازار کار و اشتغال,3,4.8288403
چهارمحال و بختیاری,معیشت و فرهنگ اقتصادی,فرهنگ اقتصادی,3,4.5154166
چهارمحال و بختیاری,معیشت و فرهنگ اقتصادی,قدرت خرید و معیشت,3,48.461666
چهارمحال و بختیاری,معیشت و فرهنگ اقتصادی,برخورداری اقتصادی,3,65.955048
چهارمحال و بختیاری,رفاه و عدالت اجتماعی,انرژی و خدمات عمومی,8,4.6738267
چهارمحال و بختیاری,رفاه و عدالت اجتماعی,حمایت اجتماعی,8,72.384674
چهارمحال و بختیاری,رفاه و عدالت اجتماعی,زیرساخت آموزشی,8,44.653008
چهارمحال و بختیاری,رفاه و عدالت اجتماعی,سلامت و بهداشت,8,33.053238
چهارمحال و بختیاری,رفاه و عدالت اجتماعی,مسکن و سرپناه,8,6.8445473
چهارمحال و بختیاری,مسائل اجتماعی,جرم و ناامنی,3,19.397789
چهارمحال و بختیاری,مسائل اجتماعی,سلامت اجتماعی,3,9.4889669
چهارمحال و بختیاری,مسائل اجتماعی,سبک زندگی و مصرف,3,4.8382831
چهارمحال و بختیاری,مسائل اجتماعی,باورها و رفتارهای فرهنگی,3,39.671627
چهارمحال و بختیاری,مسائل اجتماعی,روابط و امنیت اجتماعی,3,2.1971142
گلستان,معنویت و ارزش‌های دینی,باور دینی,5,16.807999
گلستان,معنویت و ارزش‌های دینی,عمل دینی,5,8.2500229
گلستان,معنویت و ارزش‌های دینی,هویت و پیوند دینی,5,6.6804938
گلستان,معنویت و ارزش‌های دینی,مشارکت مذهبی,5,29.925718
گلستان,معنویت و ارزش‌های دینی,سبک زندگی دینی,5,23.347801
گلستان,زندگی خانوادگی,تشکیل خانواده,3,9.5604115
گلستان,زندگی خانوادگی,فرزندآوری,3,35.944283
گلستان,زندگی خانوادگی,روابط خانوادگی,3,46.391273
گلستان,زندگی خانوادگی,پایداری خانواده,3,34.603516
گلستان,مصرف فرهنگی و رسانه‌ای,سینما و تلویزیون,3,12.431431
گلستان,مصرف فرهنگی و رسانه‌ای,کتاب و مطبوعات,3,20.368006
گلستان,مصرف فرهنگی و رسانه‌ای,موسیقی و هنرهای تجسمی,3,27.618555
گلستان,مصرف فرهنگی و رسانه‌ای,مد و فراغت,3,20.692299
گلستان,همبستگی و سرمایه اجتماعی,اعتماد و روابط اجتماعی,8,39.478588
گلستان,همبستگی و سرمایه اجتماعی,هنجارها و سلامت نهادی,8,33.328968
گلستان,همبستگی و سرمایه اجتماعی,مشارکت و کنش جمعی,8,28.311443
گلستان,همبستگی و سرمایه اجتماعی,تعلق ملی,8,45.30175
گلستان,دانش و سرمایه انسانی,عدالت آموزشی,6,1.9637929
گلستان,دانش و سرمایه انسانی,فراگیری آموزش,6,3.2361329
گلستان,دانش و سرمایه انسانی,کیفیت آموزشی,6,10.13978
گلستان,معیشت و فرهنگ اقتصادی,الگوی مصرف,4,16.656616
گلستان,معیشت و فرهنگ اقتصادی,بازار کار و اشتغال,4,1.6974235
گلستان,معیشت و فرهنگ اقتصادی,فرهنگ اقتصادی,4,19.179319
گلستان,معیشت و فرهنگ اقتصادی,قدرت خرید و معیشت,4,25.769081
گلستان,معیشت و فرهنگ اقتصادی,برخورداری اقتصادی,4,3.8155565
گلستان,رفاه و عدالت اجتماعی,انرژی و خدمات عمومی,5,14.612091
گلستان,رفاه و عدالت اجتماعی,حمایت اجتماعی,5,43.115604
گلستان,رفاه و عدالت اجتماعی,زیرساخت آموزشی,5,22.951338
گلستان,رفاه و عدالت اجتماعی,سلامت و بهداشت,5,24.347584
گلستان,رفاه و عدالت اجتماعی,مسکن و سرپناه,5,18.01766
گلستان,مسائل اجتماعی,جرم و ناامنی,3,63.082859
گلستان,مسائل اجتماعی,سلامت اجتماعی,3,44.692749
گلستان,مسائل اجتماعی,سبک زندگی و مصرف,3,8.8347492
گلستان,مسائل اجتماعی,باورها و رفتارهای فرهنگی,3,29.722658
گلستان,مسائل اجتماعی,روابط و امنیت اجتماعی,3,3.8297691
گیلان,معنویت و ارزش‌های دینی,باور دینی,2,2.3536823
گیلان,معنویت و ارزش‌های دینی,عمل دینی,2,3.9143193
گیلان,معنویت و ارزش‌های دینی,هویت و پیوند دینی,2,13.88921
گیلان,معنویت و ارزش‌های دینی,مشارکت مذهبی,2,13.417867
گیلان,معنویت و ارزش‌های دینی,سبک زندگی دینی,2,2.9348757
گیلان,زندگی خانوادگی,تشکیل خانواده,7,2.5633495
گیلان,زندگی خانوادگی,فرزندآوری,7,2.7067678
گیلان,زندگی خانوادگی,روابط خانوادگی,7,6.6842299
گیلان,زندگی خانوادگی,پایداری خانواده,7,24.839296
گیلان,مصرف فرهنگی و رسانه‌ای,سینما و تلویزیون,3,35.920216
گیلان,مصرف فرهنگی و رسانه‌ای,کتاب و مطبوعات,3,14.84595
گیلان,مصرف فرهنگی و رسانه‌ای,موسیقی و هنرهای تجسمی,3,21.082823
گیلان,مصرف فرهنگی و رسانه‌ای,مد و فراغت,3,18.054193
گیلان,همبستگی و سرمایه اجتماعی,اعتماد و روابط اجتماعی,5,56.136333
گیلان,همبستگی و سرمایه اجتماعی,هنجارها و سلامت نهادی,5,.9337213
گیلان,همبستگی و سرمایه اجتماعی,مشارکت و کنش جمعی,5,26.463434
گیلان,همبستگی و سرمایه اجتماعی,تعلق ملی,5,12.632855
گیلان,دانش و سرمایه انسانی,عدالت آموزشی,5,15.900968
گیلان,دانش و سرمایه انسانی,فراگیری آموزش,5,19.818352
گیلان,دانش و سرمایه انسانی,کیفیت آموزشی,5,1.8490069
گیلان,معیشت و فرهنگ اقتصادی,الگوی مصرف,1,21.063877
گیلان,معیشت و فرهنگ اقتصادی,بازار کار و اشتغال,1,44.662685
گیلان,معیشت و فرهنگ اقتصادی,فرهنگ اقتصادی,1,48.673576
گیلان,معیشت و فرهنگ اقتصادی,قدرت خرید و معیشت,1,8.6127634
گیلان,معیشت و فرهنگ اقتصادی,برخورداری اقتصادی,1,26.147205
گیلان,رفاه و عدالت اجتماعی,انرژی و خدمات عمومی,2,8.0724716
گیلان,رفاه و عدالت اجتماعی,حمایت اجتماعی,2,30.844221
گیلان,رفاه و عدالت اجتماعی,زیرساخت آموزشی,2,5.582345
گیلان,رفاه و عدالت اجتماعی,سلامت و بهداشت,2,14.376369
گیلان,رفاه و عدالت اجتماعی,مسکن و سرپناه,2,6.7243719
گیلان,مسائل اجتماعی,جرم و ناامنی,5,18.60581
گیلان,مسائل اجتماعی,سلامت اجتماعی,5,17.988632
گیلان,مسائل اجتماعی,سبک زندگی و مصرف,5,24.239037
گیلان,مسائل اجتماعی,باورها و رفتارهای فرهنگی,5,16.532492
گیلان,مسائل اجتماعی,روابط و امنیت اجتماعی,5,11.225592
یزد,معنویت و ارزش‌های دینی,باور دینی,3,6.6201854
یزد,معنویت و ارزش‌های دینی,عمل دینی,3,61.02129
یزد,معنویت و ارزش‌های دینی,هویت و پیوند دینی,3,22.577065
یزد,معنویت و ارزش‌های دینی,مشارکت مذهبی,3,23.581867
یزد,معنویت و ارزش‌های دینی,سبک زندگی دینی,3,22.517199
یزد,زندگی خانوادگی,تشکیل خانواده,9,33.632893
یزد,زندگی خانوادگی,فرزندآوری,9,49.229317
یزد,زندگی خانوادگی,روابط خانوادگی,9,35.3241
یزد,زندگی خانوادگی,پایداری خانواده,9,56.599415
یزد,مصرف فرهنگی و رسانه‌ای,سینما و تلویزیون,3,11.634401
یزد,مصرف فرهنگی و رسانه‌ای,کتاب و مطبوعات,3,20.0973
یزد,مصرف فرهنگی و رسانه‌ای,موسیقی و هنرهای تجسمی,3,3.7119029
یزد,مصرف فرهنگی و رسانه‌ای,مد و فراغت,3,4.6135278
یزد,همبستگی و سرمایه اجتماعی,اعتماد و روابط اجتماعی,3,16.826038
یزد,همبستگی و سرمایه اجتماعی,هنجارها و سلامت نهادی,3,6.9728432
یزد,همبستگی و سرمایه اجتماعی,مشارکت و کنش جمعی,3,22.986332
یزد,همبستگی و سرمایه اجتماعی,تعلق ملی,3,5.1727767
یزد,دانش و سرمایه انسانی,عدالت آموزشی,2,15.447248
یزد,دانش و سرمایه انسانی,فراگیری آموزش,2,16.315845
یزد,دانش و سرمایه انسانی,کیفیت آموزشی,2,7.0697708
یزد,معیشت و فرهنگ اقتصادی,الگوی مصرف,3,2.1974893
یزد,معیشت و فرهنگ اقتصادی,بازار کار و اشتغال,3,1.9791197
یزد,معیشت و فرهنگ اقتصادی,فرهنگ اقتصادی,3,53.484882
یزد,معیشت و فرهنگ اقتصادی,قدرت خرید و معیشت,3,64.134407
یزد,معیشت و فرهنگ اقتصادی,برخورداری اقتصادی,3,35.355843
یزد,رفاه و عدالت اجتماعی,انرژی و خدمات عمومی,1,1.7165724
یزد,رفاه و عدالت اجتماعی,حمایت اجتماعی,1,18.421198
یزد,رفاه و عدالت اجتماعی,زیرساخت آموزشی,1,45.640987
یزد,رفاه و عدالت اجتماعی,سلامت و بهداشت,1,43.631599
یزد,رفاه و عدالت اجتماعی,مسکن و سرپناه,1,17.101639
یزد,مسائل اجتماعی,جرم و ناامنی,10,38.446411
یزد,مسائل اجتماعی,سلامت اجتماعی,10,12.270324
یزد,مسائل اجتماعی,سبک زندگی و مصرف,10,41.097603
یزد,مسائل اجتماعی,باورها و رفتارهای فرهنگی,10,50.706398
یزد,مسائل اجتماعی,روابط و امنیت اجتماعی,10,34.144634
