indicator_name,description,source_name
نرخ تملک خودرو,سهم تملک خودرو درصد خانوارهایی را نشان می‌دهد که حداقل یک اتومبیل شخصی در اختیار دارند. از نگاه رفاهی، این عدد بیانگر سطح توانمندی اقتصادی و کیفیت حمل‌ونقل خانواده‌هاست. بررسی این آمار به ما کمک می‌کند تا میزان دسترسی مردم به امکانات رفاهی مدرن و تغییر در الگوی سفرهای درون‌شهری و برون‌شهری را در فرهنگ زندگی روزمره ایرانیان بسنجیم.,مرکز آمار
میزان کیفیت مسکن,این معیار بر اساس نوع مصالح و استحکام اسکلت‌بندی خانه‌ها محاسبه شده و سطح ایمنی محل زندگی خانواده‌ها را نشان می‌دهد؛ که در یک طیف عددی بین 0 تا 100 قرار دارد. نمره بالاتر به معنای استفاده از سازه‌های مهندسی و نمره پایین نشان‌دهنده مصالح ناپایدار است. این متغیر مستقیماً با امنیت فیزیکی در برابر حوادث طبیعی ارتباط دارد و نشان‌دهنده سطح برخورداری و استانداردهای رفاهی و مدرن در سکونت است.,مرکز آمار
نرخ اجاره‌نشینی,این شاخص سهم خانوارهایی را که در خانه‌های استیجاری زندگی می‌کنند، نسبت به کل انواع مالکیت مسکن نشان می‌دهد. بالا بودن این درصد، به معنای ناپایداری در سکونت و جابه‌جایی‌های مکرر خانواده‌هاست. از نگاه فرهنگی، افزایش اجاره‌نشینی می‌تواند بر تعاملات محلی و آرامش ذهنی خانوار تاثیر بگذارد و برنامه‌ریزی برای آینده و تثبیت الگوهای فرهنگی در محیط خانه را برای افراد دشوارتر کند.,مرکز آمار
امنیت غذایی روستایی,این شاخص از تقسیم مجموع هزینه‌های غذایی بر کل مخارج سالانه خانوار به دست می‌آید. بالا رفتن این نسبت نشان‌دهنده فشار اقتصادی است، زیرا خانواده ناچار می‌شود بخش بزرگی از بودجه خود را صرفاً برای تأمین نیازهای اولیه هزینه کند. کاهش این سهم، معمولاً نشان‌دهنده بهبود رفاه و افزایش توانایی برای هزینه‌کرد در امور فرهنگی است.,مرکز آمار
امنیت غذایی شهری,این شاخص از تقسیم مجموع هزینه‌های غذایی بر کل مخارج سالانه خانوار به دست می‌آید. بالا رفتن این نسبت نشان‌دهنده فشار اقتصادی است، زیرا خانواده ناچار می‌شود بخش بزرگی از بودجه خود را صرفاً برای تأمین نیازهای اولیه هزینه کند. کاهش این سهم، معمولاً نشان‌دهنده بهبود رفاه و افزایش توانایی برای هزینه‌کرد در امور فرهنگی است.,مرکز آمار
فشار مسکن روستایی,این شاخص نشان می‌دهد که چه درصدی از بودجه ماهانه خانوار صرف تأمین سرپناه (اجاره‌بها یا هزینه‌های نگهداری) می‌شود. در صورتی که این سهم از حد استاندارد فراتر رود، امنیت اقتصادی خانوار متزلزل شده و از سهم سایر هزینه‌های مهم مانند آموزش، بهداشت و تفریح به شدت کاسته می‌شود که آسیبی فرهنگی است.,مرکز آمار
فشار مسکن شهری,این شاخص نشان می‌دهد که چه درصدی از بودجه ماهانه خانوار صرف تأمین سرپناه (اجاره‌بها یا هزینه‌های نگهداری) می‌شود. در صورتی که این سهم از حد استاندارد فراتر رود، امنیت اقتصادی خانوار متزلزل شده و از سهم سایر هزینه‌های مهم مانند آموزش، بهداشت و تفریح به شدت کاسته می‌شود که آسیبی فرهنگی است.,مرکز آمار
مصرف تمایزی,این شاخص با نمره‌ای بین ۰ تا ۱۰۰، میزان گرایش افراد به خرید کالاهای مارک‌دار برای متفاوت بودن را می‌سنجد که در مقابل اولویت‌دهی به دوام و کیفیت کالا قرار می‌گیرد. نمره ۱۰۰ نشان‌دهنده بیشترین تمایل به مصرف نمایشی برای کسب منزلت اجتماعی است. این معیار، تحولات فرهنگی جامعه در انتخاب کالا و غلبه احتمالی مدگرایی بر مصرف‌گرایی منطقی را پایش می‌کند.,پیمایش ارزش‌ها و نگرش‌ها
متوسط هزینه‌های روستایی,این شاخص نشان‌دهنده مجموع کل هزینه‌های مصرفی یک خانوار در طول سال (به ریال) برای تأمین تمامی نیازهای زیستی، رفاهی و فرهنگی است. این عدد واحد، مقیاسی برای درک سطح معیشت و سبک زندگی عمومی جامعه محسوب می‌شود. بررسی روند این شاخص به ما کمک می‌کند تا حجم کلی مخارج خانواده‌های ایرانی و تغییرات قدرت خرید آن‌ها را در مواجهه با تورم و تحولات اقتصادی پایش کنیم.,مرکز آمار
متوسط هزینه‌های شهری,این شاخص نشان‌دهنده مجموع کل هزینه‌های مصرفی یک خانوار در طول سال (به ریال) برای تأمین تمامی نیازهای زیستی، رفاهی و فرهنگی است. این عدد واحد، مقیاسی برای درک سطح معیشت و سبک زندگی عمومی جامعه محسوب می‌شود. بررسی روند این شاخص به ما کمک می‌کند تا حجم کلی مخارج خانواده‌های ایرانی و تغییرات قدرت خرید آن‌ها را در مواجهه با تورم و تحولات اقتصادی پایش کنیم.,مرکز آمار
ضریب نفوذ اینترنت,شاخص «ضریب نفوذ اینترنت» میزان دسترسی افراد جامعه به اینترنت و استفاده آن‌ها از خدمات دیجیتال را نشان می‌دهد. این شاخص تنها یک عدد ارتباطی نیست، بلکه تصویری از میزان پیوند جامعه با دنیای اطلاعات و خدمات آنلاین ارائه می‌کند. هرچه این ضریب بالاتر باشد، دسترسی به آموزش، فرصت‌های شغلی، خدمات شهری و حتی مشارکت اجتماعی گسترده‌تر خواهد بود و شکاف دیجیتال در جامعه کمتر می‌شود.,وزارت ارتباطات
پوشش شبکه برق,دسترسی به شبکه رسمی برق، یکی از پیش‌نیازهای اساسی برخورداری از خدمات عمومی و توسعه اقتصادی و اجتماعی محسوب می‌شود. پوشش این زیرساخت، بیانگر سهم خانوارها یا جمعیتی است که امکان استفاده پایدار از انرژی الکتریکی را دارند و از مزایای آن در حوزه‌هایی مانند آموزش، سلامت، رفاه و فعالیت‌های اقتصادی بهره‌مند هستند.,مرکز آمار
پوشش فاضلاب شهری,شاخص «پوشش فاضلاب شهری» نشان می‌دهد چه سهمی از جمعیت شهری به شبکه جمع‌آوری و دفع بهداشتی فاضلاب متصل هستند. این شاخص یکی از معیارهای مهم سلامت عمومی و کیفیت زیرساخت‌های شهری است و نقش مستقیمی در کاهش آلودگی‌های محیطی، پیشگیری از بیماری‌ها و ارتقای سطح بهداشت دارد. افزایش این پوشش بیانگر توسعه‌یافتگی خدمات شهری و بهبود شرایط زیست‌محیطی و رفاهی در شهرهاست.,شرکت مهندسی آب و فاضلاب کشور
پوشش گازرسانی,بهره‌مندی از شبکه گازرسانی، یکی از مهم‌ترین زیرساخت‌های تأمین انرژی در خانوارها به شمار می‌رود. گستره پوشش این شبکه بیانگر میزان دسترسی خانوارها یا جمعیت به گاز طبیعی است؛ منبعی که با فراهم کردن انرژی پایدار، به کاهش هزینه‌های سوخت، ارتقای ایمنی و بهبود شرایط زندگی کمک می‌کند و وابستگی به سوخت‌های سنتی را کاهش می‌دهد.,مرکز آمار
پوشش آب آشامیدنی سالم,برخورداری از آب آشامیدنی سالم، یکی از اساسی‌ترین مؤلفه‌های تأمین نیازهای اولیه، سلامت عمومی و کیفیت زندگی است. این شاخص، سهم جمعیتی را منعکس می‌کند که در محل سکونت خود به شبکه آب سالم و بهداشتی دسترسی دارند. گسترش این زیرساخت، علاوه بر ارتقای رفاه اجتماعی، بیانگر وضعیت توسعه خدمات عمومی و زیرساخت‌های پایه در جامعه است.,وزارت نیرو
ضریب نفوذ تلفن ثابت,اینکه چه نسبت از خانوارها یا جمعیت به شبکه تلفن ثابت دسترسی دارند در شاخصی با عنوان «ضریب نفوذ تلفن ثابت» اندازه‌گیری می‌شود. این شاخص، علاوه بر نقش ارتباطی، تصویرگر توسعه زیرساخت‌های پایه شهری و میزان دسترسی مستمر و پایدار به خدمات ارتباطی است. افزایش آن معمولاً بیانگر ارتقای کیفیت خدمات شهری، سهولت دسترسی به اطلاعات و کاهش محدودیت‌های ارتباطی در جامعه است. البته با وجود جایگزین‌های قدرتمندی مانند تلفن همراه، باید انتظار داشت که نفوذ این خدمات رو به کاهش بگذارد.,وزارت ارتباطات
نرخ اشتغال غیررسمی,این شاخص درصد شاغلانی را نشان می‌دهد که بدون قرارداد رسمی و مزایای قانونی مانند بیمه تأمین اجتماعی فعالیت می‌کنند. اهمیت این آمار در سنجش میزان ناپایداری شغلی و آسیب‌پذیری نیروی کار در برابر نوسانات اقتصادی است. بالا بودن این نرخ به معنای رواج مشاغلی است که در فرهنگ اقتصادی جامعه، فاقد حمایت‌های قانونی و امنیت لازم برای آینده شاغلان محسوب می‌شوند.,مرکز آمار
شکاف جنسیتی بیکاری,این شاخص تفاوت درصد بیکاری میان زنان و مردان را در بازار کار اندازه‌گیری می‌کند. عدد مثبت به معنای بالاتر بودن نرخ بیکاری زنان و عدد منفی به معنای پایین‌تر بودن آن است. وجود شکاف عمیق، نشان‌دهنده نابرابری در فرصت‌های شغلی و موانع فرهنگی یا ساختاری پیش روی زنان است. تحلیل این شاخص برای برنامه‌ریزی در جهت عدالت اقتصادی و بهره‌گیری از توانمندی تمامی آحاد جامعه در مسیر رشد ضروری است.,مرکز آمار
سن شروع به کار مردان,شاخص «میانگین سن شروع به کار» نشان می‌دهد افراد به طور متوسط در چه سنی وارد بازار کار می‌شوند و نخستین تجربه اشتغال خود را آغاز می‌کنند. این شاخص با استفاده از داده‌های خام طرح آمارگیری نیروی کار (LFS) محاسبه می‌شود و تصویری از زمان ورود نیروی انسانی به فعالیت اقتصادی ارائه می‌دهد. اهمیت آن در تحلیل وضعیت اشتغال، طول دوره وابستگی اقتصادی، گذار از تحصیل به کار و تغییرات ساختار بازار کار در جامعه است.,مرکز آمار
نرخ بیکاری زنان,این شاخص از تقسیم تعداد افراد جویای کار که موفق به یافتن شغل نشده‌اند بر کل جمعیت فعال به دست می‌آید. بیکاری فراتر از یک عدد، نشان‌دهنده هدررفت سرمایه انسانی و زمینه‌ساز بروز آسیب‌های اجتماعی است. بررسی این نرخ به ما کمک می‌کند تا تعادل میان عرضه و تقاضای نیروی کار را در سطح استان‌ها و کشور بسنجیم.,مرکز آمار
نرخ بیکاری مردان,این شاخص از تقسیم تعداد افراد جویای کار که موفق به یافتن شغل نشده‌اند بر کل جمعیت فعال به دست می‌آید. بیکاری فراتر از یک عدد، نشان‌دهنده هدررفت سرمایه انسانی و زمینه‌ساز بروز آسیب‌های اجتماعی است. بررسی این نرخ به ما کمک می‌کند تا تعادل میان عرضه و تقاضای نیروی کار را در سطح استان‌ها و کشور بسنجیم.,مرکز آمار
نرخ مشارکت اقتصادی زنان,نرخ مشارکت اقتصادی افراد در سن کار، با استفاده از نسبت جمعیت فعال (شاغل و بیکار) به کل جمعیت این گروه سنی سنجیده می‌شود.این عدد گویای میزان تمایل و پویایی افراد برای ورود به بازار کار و ایفای نقش در چرخه تولید است. بالا بودن این نرخ در یک فرهنگ، نشان‌دهنده انگیزه بالای اجتماعی برای فعالیت اقتصادی، کسب درآمد و مسیر توسعه ملی است.,مرکز آمار
نرخ مشارکت اقتصادی مردان,نرخ مشارکت اقتصادی افراد در سن کار، با استفاده از نسبت جمعیت فعال (شاغل و بیکار) به کل جمعیت این گروه سنی سنجیده می‌شود.این عدد گویای میزان تمایل و پویایی افراد برای ورود به بازار کار و ایفای نقش در چرخه تولید است. بالا بودن این نرخ در یک فرهنگ، نشان‌دهنده انگیزه بالای اجتماعی برای فعالیت اقتصادی، کسب درآمد و مسیر توسعه ملی است.,مرکز آمار
تعداد زنان بدون همسر براثر طلاق,شمار زنانی که پس از طلاق بدون همسر زندگی می‌کنند، مبنای این سنجه را تشکیل می‌دهد.اهمیت این آمار در شناسایی گروه‌های نیازمند حمایت‌های اجتماعی و توانمندسازی اقتصادی است. تحلیل این شاخص به برنامه‌ریزان فرهنگی کمک می‌کند تا چالش‌های زیستی و معیشتی این گروه را درک کرده و بستر لازم برای بازگشت آن‌ها به چرخه زندگی پایدار را فراهم کنند.,مرکز آمار
میزان طلاق زودهنگام,از میان طلاق‌های ثبت‌شده، آن دسته که در نخستین سال زندگی مشترک رخ داده‌اند، موضوع سنجش این متغیر هستند.بالا بودن این آمار، می‌تواند نشانه ضعف در شناخت متقابل، انتخاب‌های هیجانی یا نبود مهارت‌های حل مسئله در ابتدای مسیر باشد. این عدد بر ضرورت جدی آموزش‌های پیش از ازدواج تاکید دارد تا از فروپاشی سریع کانون خانواده و هدررفت سرمایه‌های عاطفی جامعه جلوگیری شود.,سازمان ثبت احوال
فراوانی طلاق,این عدد پیوندهای پایان‌یافته را نمایش می‌دهد. همچنین نشان‌دهنده میزان پایداری زندگی‌های مشترک در سطح کشور است. اهمیت این عدد در شناسایی مناطقی است که خانواده‌ها در حفظ انسجام خود با چالش روبرو شده‌اند. شناخت دقیق این آمار برای ریشه‌‌یابی مشکلات ارتباطی، تقویت آموزش‌های مهارت زندگی و حفظ سلامت روان در فرهنگ جامعه حیاتی است.,سازمان ثبت احوال
میزان خالص طلاق,میزان خالص طلاق که گاهی طلاق متأهلین نیز خوانده می‌شود، نشان می‌دهد از میان افرادی که در معرض واقعی طلاق قرار دارند، یعنی جمعیت متأهل، چه نسبتی در یک بازه زمانی مشخص از یکدیگر جدا می‌شوند. این شاخص با مقایسه تعداد طلاق‌های ثبت‌شده با کل جمعیت متأهل محاسبه شده و معمولاً به صورت نرخ بیان می‌شود. به همین دلیل، تصویری دقیق‌تر و معنادارتر از ثبات یا شکنندگی زندگی زناشویی ارائه می‌دهد.,سازمان ثبت احوال
میزان عمومی طلاق,این شاخص از تقسیم تعداد کل طلاق‌های ثبت شده در یک زمان مشخص بر کل جمعیت 10 سال به بالا محاسبه می‌شود. این معیار نشان می‌دهد که در هر سال، چه درصدی از خانواده‌های موجود با گسست روبرو شده‌اند. اهمیت آن در شناسایی روند فروپاشی پیوندها و برنامه‌ریزی برای مداخلات فرهنگی و مشاوره‌ای در سطح جامعه است.,سازمان ثبت احوال
سهم ازدواج‌های نخست,شاخص سهم ازدواج‌های نخست بیانگر نسبت ازدواج‌هایی است که در آن هر دو طرف، هم مرد و هم زن، برای اولین بار وارد زندگی زناشویی می‌شوند. این شاخص چشم‌اندازی از الگوهای تشکیل خانواده در جامعه ارائه می‌دهد و نشان می‌دهد چه میزان ازدواج‌ها از پایه و بدون تجربه زناشویی قبلی شکل می‌گیرند. اهمیت آن در این است که تغییرات این سهم می‌تواند بازتاب‌دهنده تحولات فرهنگی، اجتماعی و اقتصادی باشد و روندهای ازدواج مجدد، تاخیر در ازدواج یا تمایل به زندگی مشترک پایدار را روشن کند.,سازمان ثبت احوال
عمومیت ازدواج زنان,با استفاده از این شاخص می‌توان جایگاه ازدواج را به عنوان الگوی غالب تشکیل زندگی در جامعه ارزیابی کرد. اهمیت آن در این است که بفهمیم آیا تشکیل خانواده هنوز انتخاب اول و اصلی مردم برای زندگی محسوب می‌شود یا خیر. کاهش این آمار می‌تواند نشان‌دهنده تغییر در باورهای فرهنگی و تمایل به الگوهای جایگزین در ساختار اجتماعی باشد.,مرکز آمار
عمومیت ازدواج مردان,با استفاده از این شاخص می‌توان جایگاه ازدواج را به عنوان الگوی غالب تشکیل زندگی در جامعه ارزیابی کرد. اهمیت آن در این است که بفهمیم آیا تشکیل خانواده هنوز انتخاب اول و اصلی مردم برای زندگی محسوب می‌شود یا خیر. کاهش این آمار می‌تواند نشان‌دهنده تغییر در باورهای فرهنگی و تمایل به الگوهای جایگزین در ساختار اجتماعی باشد.,مرکز آمار
فراوانی ازدواج,این شاخص نشان‌دهنده تعداد کل پیوندهای زناشویی ثبت شده در یک بازه زمانی مشخص است که میزان تمایل جامعه به تشکیل خانواده را نشان می‌دهد. بالا بودن این عدد می‌تواند به معنای زنده بودن سنت خانواده‌محوری و وجود امید به آینده در میان جوانان باشد. البته ساختار جمعیتی جوان نیز در بالا بودن این شاخص تأثیر دارد.,سازمان ثبت احوال
میانگین سن ازدواج زنان,این عدد نشان می‌دهد که به‌طور متوسط، افراد در چه سنی اولین تجربه تشکیل خانواده را دارند. این شاخص تا حدودی از سبک زندگی جدید، طول دوران تحصیل و شرایط معیشتی تاثیر می‌پذیرد. درک این آمار به ما کمک می‌کند تا فاصله بین بلوغ فردی و شروع زندگی مشترک را تحلیل کنیم و متوجه شویم که الگوهای رفتاری نسل جوان در مواجهه با سنت‌ها چگونه تغییر کرده است.,مرکز آمار
میانگین سن ازدواج مردان,این عدد نشان می‌دهد که به‌طور متوسط، افراد در چه سنی اولین تجربه تشکیل خانواده را دارند. این شاخص تا حدودی از سبک زندگی جدید، طول دوران تحصیل و شرایط معیشتی تاثیر می‌پذیرد. درک این آمار به ما کمک می‌کند تا فاصله بین بلوغ فردی و شروع زندگی مشترک را تحلیل کنیم و متوجه شویم که الگوهای رفتاری نسل جوان در مواجهه با سنت‌ها چگونه تغییر کرده است.,مرکز آمار
میزان عمومی ازدواج,این شاخص از تقسیم تعداد ازدواج‌های ثبت شده در یک زمان مشخص بر کل جمعیت در سنین ازدواج همان تاریخ به دست می‌آید. برخلاف تعداد خام، این میزان نشان می‌دهد که چه نسبتی از افراد جامعه در طول یک سال زندگی مشترک خود را آغاز کرده‌اند. بررسی این رقم برای درک واقعی تمایل به تشکیل خانواده، فارغ از تغییرات در تعداد کل جمعیت کشور، حائر اهمیت است.,سازمان ثبت احوال
بار خدماتی مراکز سالمندان,این شاخص از تقسیم تعداد کل سالمندان خدمت‌گیرنده بر تعداد مراکز فعال به دست می‌آید و نشان‌دهنده میزان فشردگی تقاضا در هر واحد خدماتی است. افزایش این عدد می‌تواند بیانگر تکمیل ظرفیت مراکز و ضرورت توسعه زیرساخت‌های رفاهی باشد. این معیار از منظر اجتماعی، سطح دسترسی سالمندان به مراقبت‌های باکیفیت و میزان آمادگی جامعه برای مواجهه با پدیده سالمندی را پایش می‌کند.,مرکز آمار
پوشش بیمه تأمین اجتماعی,یکی از مهمترین خدمات حمایت اجتماعی کشور به واسطه‌ی سازمان تأمین اجتماعی ممکن می‌شود. بنابراین آن سهمی از جمعیت کشور که تحت حمایت نظام بیمه‌ای تأمین اجتماعی قرار دارند بیانگر میزان دسترسی افراد به خدمات حمایتی مانند بازنشستگی، درمان، بیکاری و سایر حمایت‌های اجتماعی است که در شاخص «پوشش بیمه تأمین اجتماعی» بازتاب یافته است. افزایش آن معمولاً نشان‌دهنده گسترش امنیت اقتصادی و اجتماعی و کاهش آسیب‌پذیری افراد در برابر شوک‌های مالی و شغلی است.,سازمان تأمین اجتماعی
نرخ پوشش بهزیستی,شاخص نرخ پوشش بهزیستی نشان‌دهنده سهم خانوارهایی است که از خدمات حمایتی سازمان بهزیستی برخوردار هستند. این خدمات می‌تواند شامل حمایت‌های مالی، توانبخشی، مراقبتی و اجتماعی باشد. این شاخص تصویری از گستره حمایت اجتماعی در جامعه ارائه می‌دهد.,سازمان بهزیستی
نرخ پوشش بیمه سلامت,سازمان بیمه سلامت از سال ۱۳۷۳ با هدف همگانی‌سازی خدمات درمانی تأسیس گردید. این شاخص میزان توفیق نظام سلامت در دستیابی به اهداف مصوب و درصد جمعیت تحت پوشش را ارزیابی می‌کند. پایش این آمار، چگونگی توزیع جغرافیایی خدمات و میزان تحقق عدالت در دسترسی به مراقبت‌های پزشکی را در استان‌ها آشکار می‌سازد.,سازمان بیمه سلامت ایران
میزان اعتماد در خانواده,این شاخص میزان اطمینان و تکیه عاطفی اعضای خانواده به یکدیگر را در مقیاس صفر تا صد اندازه‌گیری می‌کند. نمره صفر نشان‌دهنده کمترین میزان اطمینان و نمره صد گویای بالاترین سطح اعتماد  است. این معیار، ریشه‌های پیوند عاطفی را در جامعه نشان می‌دهد؛ زیرا هرچه اعتماد در فضای داخلی خانه بیشتر باشد، می‌تواند بر امنیت روانی افراد و پایداری خانواده تأثیرگذار باشد.,پیمایش سرمایه اجتماعی (وزارت کشور)
میزان رضایت از همسر,شاخص «رضایت از همسر» میزان خشنودی افراد از رابطه زناشویی خود را بر اساس ارزیابی ذهنی آنان نشان می‌دهد. این شاخص از طریق پیمایش و در قالب مقیاس ۱ تا ۵ سنجیده می‌شود که سطوح مختلفی از نارضایتی تا رضایت بالا را دربر می‌گیرد. اهمیت آن در این است که تصویری از کیفیت روابط خانوادگی ارائه می‌دهد و می‌تواند نشانه‌ای پیش‌نگر از پایداری یا آسیب‌پذیری زندگی زناشویی باشد.,پیمایش ارزش‌ها و نگرش‌ها
میزان فراغت با خانواده, درصد افرادی که خانواده را به عنوان تنها اولویت خود برای سپری کردن اوقات فراغت انتخاب کرده‌اند، به کمک پیمایش ملی محاسبه شده است. اهمیت این آمار در پایش میزان همبستگی عاطفی و مرکزیت نهاد خانواده در زندگی روزمره است. بالا بودن این درصد می‌تواند نشان‌دهنده قدرت پیوندهای خانگی و غلبه فرهنگ خانواده‌محوری بر سایر الگوهای گذران وقت در محیط‌های دوستانه یا انفرادی است.,پیمایش ارزش‌ها و نگرش‌ها
سرانه تعداد مدارس ابتدایی,این شاخص با تقسیم تعداد مدارس بر مجموع حوزه‌های شهری و روستایی، توازن توزیع فضاهای آموزشی را پایش می‌کند. خروجی این محاسبات مشخص می‌سازد که به طور متوسط در هر پهنه جغرافیایی چند واحد آموزشی دایر است تا کودکان مجبور به طی مسافت‌های طولانی نشوند. این معیار ابزاری کلیدی برای برنامه‌ریزی توسعه فیزیکی مدارس در کشور است.,وزارت آموزش و پرورش
سرانه کتابخانه‌های عمومی,فراهم بودن زیرساخت‌های مطالعه در این بخش بر مبنای توزیع عادلانه فضاهای آموزشی و پژوهشی به ازای هر صد هزار نفر از جمعیت سنجیده می‌شود. این نسبت مشخص می‌کند که شهروندان در مناطق مختلف چقدر به مخازن کتاب و فضاهای قرائت‌خانه دسترسی دارند. بررسی تغییرات این عدد، تصویری از پویایی علمی و میزان سرمایه‌گذاری در توسعه دانایی جامعه را ارائه می‌دهد.,وزارت فرهنگ و ارشاد اسلامی
نسبت کلاس‌های چندپایه,بررسی میزان ادغام دوره‌های مختلف تحصیلی از طریق تقسیم تعداد کلاس‌های چندپایه بر کل کلاس‌های دایر، مبنای این شاخص است. رواج این مدل آموزشی، عمدتاً بازتاب‌دهنده کمبود فضای کالبدی یا به حد نصاب نرسیدن دانش‌آموزان در مناطق کم‌جمعیت است. این معیار به برنامه‌ریزان کمک می‌کند تا کیفیت آموزش و چالش‌های تدریس را در این کلاس‌ها ارزیابی کنند.,وزارت آموزش و پرورش
سرانه تخت بیمارستانی,شاخص «سرانه تخت بیمارستانی» بیانگر تعداد تخت‌های بیمارستانی در دسترس هر 10000 نفر جمعیت است. این شاخص نقش کلیدی در ارزیابی ظرفیت نظام سلامت و آمادگی سیستم درمانی برای پاسخ به نیازهای بهداشتی جامعه دارد. سرانه بالاتر تخت بستری معمولاً نشان‌دهنده دسترسی بهتر به خدمات درمانی، کاهش فشار بر مراکز درمانی و ارتقای کیفیت مراقبت‌های پزشکی برای جمعیت است.,وزارت بهداشت، درمان و آموزش پزشکی
سرانه تعداد بیمارستان,توزیع مراکز درمانی بستری در این بخش، بر مبنای تعداد بیمارستان‌های موجود به ازای هر صد هزار نفر جمعیت سنجیده می‌شود. این آمار به زبان ساده نشان می‌دهد که شهروندان در مناطق مختلف چقدر به تخت‌ها و خدمات تخصصی بیمارستانی دسترسی دارند. بررسی این نسبت، بازتاب‌دهنده عدالت جغرافیایی در توسعه زیرساخت‌های حیاتی سلامت است.,وزارت بهداشت، درمان و آموزش پزشکی
سرانه تعداد پایگاه‌های اورژانس,دسترس‌پذیری خدمات فوریت‌های پزشکی با محاسبه تعداد پایگاه‌های فعال به ازای هر صد هزار نفر از شهروندان سنجیده می‌شود. این آمار گویای سرعت پاسخگویی نظام سلامت به حوادث و وضعیت‌های اضطراری است. بالا بودن این نسبت، شانس نجات جان بیماران را افزایش داده و نشان‌دهنده ارتقای زیرساخت‌های حیاتی در لایه‌های مختلف جامعه است.,وزارت بهداشت، درمان و آموزش پزشکی
سرانه تعداد پزشک,شاخص «نسبت پزشک به جمعیت» نشان می‌دهد به ازای هر تعداد مشخص (10000 نفر) از جمعیت، چه تعداد پزشک در دسترس قرار دارد. این شاخص بیانگر میزان دسترسی جامعه به خدمات درمانی و ظرفیت نظام سلامت در پاسخ‌گویی به نیازهای بهداشتی افراد است. هرچه این نسبت بالاتر باشد، امکان دریافت خدمات پزشکی سریع‌تر و عادلانه‌تر فراهم می‌شود و سطح دسترسی به مراقبت‌های سلامت در جامعه بهبود می‌یابد.,سازمان نظام پزشکی
سرانه تعداد داروخانه,توزیع جغرافیایی مراکز عرضه دارو در این شاخص بر اساس نسبت وجود این واحدهای درمانی به ازای هر صد هزار نفر جمعیت سنجیده می‌شود. این معیار به زبان ساده نشان می‌دهد که شهروندان در مواجهه با بیماری چقدر سریع و آسان به اقلام دارویی دسترسی دارند. تعادل این عدد در سطح کشور، یکی از پایه‌های اصلی رفاه و عدالت در سلامت است.,وزارت بهداشت، درمان و آموزش پزشکی
میزان تورم آموزش,سنجش نوسانات قیمتی در هزینه خدمات آموزشی، شهریه مدارس و اقلام وابسته در مناطق شهری، هسته اصلی این شاخص اقتصادی است. این نرخ نشان می‌دهد که مخارج تحصیلی فرزندان با چه سرعتی در حال رشد است. بالا رفتن این عدد فشار مستقیمی به سبد معیشت خانواده‌های شهری وارد کرده و تأمین هزینه‌های تحصیلی را دشوارتر می‌کند.,مرکز آمار
میانگین سال‌های تحصیل,سنجش طول دوران آموزش در این بخش، با تمرکز ویژه روی یک نسل مشخص از جمعیت در یک مقطع زمانی معین انجام می‌شود. این رویکرد نسلی آشکار می‌سازد که گروه هدف در طول دوران رشد خود چقدر از فرصت‌های آموزش عالی و عمومی بهره‌مند شده‌اند و سرمایه انسانی جامعه در آن لایه جمعیتی چقدر ارتقا یافته است.,مرکز آمار
نرخ بازماندگی از تحصیل ابتدایی,تمرکز این سنجش بر شناسایی گروهی از کودکان است که با وجود رسیدن به سن قانونی، به چرخه آموزش ابتدایی وارد نشده یا به هر دلیلی آن را نیمه‌کاره رها کرده‌اند. این معیار یک زنگ خطر اجتماعی است که ریشه در چالش‌های معیشتی و جغرافیایی دارد. بررسی این عدد امکان مداخله دقیق‌تر برای پیشگیری از آسیب‌های اجتماعی آتی را فراهم می‌سازد.,مرکز آمار
نرخ پوشش تحصیلی ابتدایی,پذیرش و حضور حداکثری کودکان واجد شرایط در پایه اول تا ششم ابتدایی، مبنای اصلی محاسبات این شاخص است. این رقم نشان می‌دهد که ساختار آموزشی کشور تا چه حد توانسته بستر تحصیل رایگان و همگانی را برای نسل جدید فراهم کند. بالا بودن این درصد، گویای برقراری عدالت آموزشی و کاهش موانع ساختاری و اجتماعی در مسیر ورود به مدرسه است.,مرکز آمار
بعد خانوار روستایی,میانگین تعداد اعضای هر خانوار، مبنای تعیین بعد خانوار است و همه افرادی را شامل می‌شود که در یک واحد مسکونی زندگی می‌کنند؛ از والدین و فرزندان تا سایر افراد وابسته. اهمیت این شاخص در تحلیل ساختار خانواده و روندهای جمعیتی است، زیرا تغییرات در اندازه خانوار می‌تواند نشان‌دهنده الگوهای باروری، سبک زندگی و نیازهای اقتصادی و اجتماعی خانواده‌ها باشد.,مرکز آمار
بعد خانوار شهری,میانگین تعداد اعضای هر خانوار، مبنای تعیین بعد خانوار است و همه افرادی را شامل می‌شود که در یک واحد مسکونی زندگی می‌کنند؛ از والدین و فرزندان تا سایر افراد وابسته. اهمیت این شاخص در تحلیل ساختار خانواده و روندهای جمعیتی است، زیرا تغییرات در اندازه خانوار می‌تواند نشان‌دهنده الگوهای باروری، سبک زندگی و نیازهای اقتصادی و اجتماعی خانواده‌ها باشد.,مرکز آمار
تعداد مطلوب فرزند,ترجیح افراد و زوجین درباره تعداد فرزندان در زندگی، در قالب میانگینی از تعداد مطلوب فرزند خلاصه می‌شود. این شاخص به صورت پیمایشی به دست می‌آید و اهمیت آن در این است که تصویری از مطلوبیت‌های باروری در جامعه ارائه می‌دهد و می‌تواند فاصلۀ میان خواسته‌ها و رفتار واقعی فرزندآوری را آشکار کند.,پیمایش ارزش‌ها و نگرش‌ها
تعداد موالید,این شاخص بیانگر کل تعداد نوزادان متولد شده در یک بازه زمانی مشخص است. اهمیت این عدد در پیش‌بینی نیازهای آموزشی، بهداشتی و رفاهی آینده کشور است. تحلیل تغییرات این آمار می‌تواند به ما کمک می‌کند تا بفهمیم روندهای ساختاری و بزرگی جمعیت کشور چه روندهایی را طی کرده است.,سازمان ثبت احوال
میانگین سن فرزندآوری,میانگین سن فرزندآوری بیانگر متوسط سنی است که زنان فرزند اول خود را به دنیا می‌آورند. این شاخص نشان می‌دهد الگوی زمانی فرزندآوری در جامعه به چه سمتی حرکت می‌کند. اهمیت آن در این است که تغییرات سن فرزندآوری می‌تواند بر سطح باروری، سلامت مادر و کودک و نیز برنامه‌ریزی‌های جمعیتی و اجتماعی اثرگذار باشد.,مرکز آمار
میزان باروری کل,شاخص نرخ باروری، نماگری از روندهای فرزندآوری فعلی است و نشان‌دهنده‌ی این است که اگر روندهای فعلی ثابت باشند، هر زن در طول دوره‌ی باروری خود به‌طور متوسط چند فرزند زنده به دنیا خواهد آورد. از آنجایی که این شاخص به‌طور سالیانه محاسبه می‌شود، مقطعی است و نمی‌تواند باروری واقعی یک نسل را نشان دهد.,مرکز آمار
امید به آینده اقتصادی,در این شاخص، ارزیابی شهروندان از آینده اقتصادی کشور در افق پنج‌ساله، بر اساس نمره‌ای از صفر تا صد بیان می‌شود؛ نمره صفر نشان‌دهنده بدبینانه‌ترین و نمره صد خوش‌بینانه‌ترین پیش‌بینی است. این نگرش، بازتاب‌دهنده سطح امیدواری اجتماعی است که مستقیماً بر تصمیمات مالی و رفتارهای فرهنگی مردم در زمان حال اثر می‌گذارد.,پیمایش سرمایه اجتماعی (وزارت کشور)
نگرش به اشتغال زنان,میزان پذیرش یا مخالفت با اشتغال زنان در بیرون از خانه، در قالب نمره‌ای بین صفر تا صد بیان می‌شود؛ نمره‌ای که از موافقت کامل (100) تا مخالفت شدید (صفر) را پوشش می‌دهد. این عدد، تصویری از تحولات فرهنگی در پذیرش نقش اقتصادی زنان و تغییر باورها در لایه‌های مختلف جامعه را نمایش می‌دهد.,پیمایش ارزش‌ها و نگرش‌ها
نگرش به دریافت مالیات,این شاخص پیمایشی با پرسش درباره عادلانه بودن نظام مالیاتی محاسبه شده و نمره‌ای بین صفر تا ۱۰۰ دارد. نمره صفر بیانگر منفی‌ترین و نمره ۱۰۰ نشان‌دهنده مثبت‌ترین نگرش شهروندان به این موضوع است. این معیار، سطح اعتماد متقابل میان مردم و دولت و میزان پذیرش مسئولیت‌های مدنی در فرهنگ اقتصادی را نشان می‌دهد.,پیمایش ارزش‌ها و نگرش‌ها
شکاف تملک مسکن,این شاخص از تقسیم میانگین قیمت یک واحد مسکونی معمولی (80 متری) بر متوسط درآمد سالانه خانوار شهری محاسبه می‌شود. این عدد نشان می‌دهد که یک خانواده با فرض ذخیره تمام درآمد خود، چند سال زمان برای خانه‌دار شدن نیاز دارد. این معیار یکی از کلیدی‌ترین شاخص‌های سنجش رفاه و دسترسی به مسکن در طبقات مختلف جامعه است.,مرکز آمار
توازن بودجه‌ای روستایی,این شاخص از تقسیم کل هزینه‌های سالانه بر مجموع درآمدهای خانوار به دست می‌آید و تراز مالی زندگی را نشان می‌دهد. اگر این نسبت نزدیک به یک یا فراتر از آن باشد، به معنای ناتوانی در پس‌انداز و فشار اقتصادی است. این معیار، پایداری اقتصادی خانواده و میزان امنیت مالی آن‌ها را در برابر مخارج پیش‌بینی‌نشده ارزیابی می‌کند.,مرکز آمار
توازن بودجه‌ای شهری,این شاخص از تقسیم کل هزینه‌های سالانه بر مجموع درآمدهای خانوار به دست می‌آید و تراز مالی زندگی را نشان می‌دهد. اگر این نسبت نزدیک به یک یا فراتر از آن باشد، به معنای ناتوانی در پس‌انداز و فشار اقتصادی است. این معیار، پایداری اقتصادی خانواده و میزان امنیت مالی آن‌ها را در برابر مخارج پیش‌بینی‌نشده ارزیابی می‌کند.,مرکز آمار
متوسط درآمد روستایی,این شاخص مجموع عایدی‌های نقدی و غیرنقدی تمامی اعضای خانوار را در طول یک سال نشان می‌دهد و با واحد ریال بیان می‌شود. اهمیت آن در سنجش قدرت مالی خانواده برای تأمین نیازهای زندگی و ارتقای رفاه است. نوسانات این عدد، تصویری رسمی از توان اقتصادی خانوار در مقابله با مخارج جاری و میزان ثبات معیشتی در فرهنگ اقتصادی جامعه ارائه می‌دهد.,مرکز آمار
متوسط درآمد شهری,این شاخص مجموع عایدی‌های نقدی و غیرنقدی تمامی اعضای خانوار را در طول یک سال نشان می‌دهد و با واحد ریال بیان می‌شود. اهمیت آن در سنجش قدرت مالی خانواده برای تأمین نیازهای زندگی و ارتقای رفاه است. نوسانات این عدد، تصویری رسمی از توان اقتصادی خانوار در مقابله با مخارج جاری و میزان ثبات معیشتی در فرهنگ اقتصادی جامعه ارائه می‌دهد.,مرکز آمار
ضریب جینی روستایی,شاخص «ضریب جینی» میزان نابرابری در توزیع درآمد یا ثروت در یک جامعه را نشان می‌دهد. این شاخص عددی بین صفر تا یک است؛ هرچه به صفر نزدیک‌تر باشد، توزیع درآمد عادلانه‌تر و هرچه به یک نزدیک‌تر باشد، نابرابری بیشتر است. ضریب جینی یکی از مهم‌ترین ابزارها برای سنجش عدالت اجتماعی است و به سیاست‌گذاران کمک می‌کند تصویر روشنی از شکاف اقتصادی و وضعیت توزیع منابع در جامعه به دست آورند.,مرکز آمار
ضریب جینی شهری,شاخص «ضریب جینی» میزان نابرابری در توزیع درآمد یا ثروت در یک جامعه را نشان می‌دهد. این شاخص عددی بین صفر تا یک است؛ هرچه به صفر نزدیک‌تر باشد، توزیع درآمد عادلانه‌تر و هرچه به یک نزدیک‌تر باشد، نابرابری بیشتر است. ضریب جینی یکی از مهم‌ترین ابزارها برای سنجش عدالت اجتماعی است و به سیاست‌گذاران کمک می‌کند تصویر روشنی از شکاف اقتصادی و وضعیت توزیع منابع در جامعه به دست آورند.,مرکز آمار
کمبود موجودی مسکن,شاخص کمبود موجودی مسکن تعداد خانوارها را به ازای هر واحد مسکونی نشان می‌دهد. این شاخص اهمیت زیادی دارد، زیرا تراکم بالای خانوارها در یک خانه می‌تواند نشانه کمبود مسکن، فشار اقتصادی و نابرابری در دسترسی به زیرساخت‌های پایه باشد و بر رفاه، حریم خصوصی و کیفیت زندگی خانواده‌ها تأثیر مستقیم بگذارد.,مرکز آمار
متوسط متراژ مسکن,یافتن نقطه میانه در متراژ خانه‌های موجود، به طوری که نیمی از خانواده‌ها در فضایی بزرگ‌تر و نیمی در فضایی کوچک‌تر از آن زندگی کنند، منطق اصلی این محاسبات است. این شاخص تصویر واقعی‌تری از الگوی سکونت عمومی جامعه (فارغ از خانه‌های بسیار لوکس یا بسیار کوچک) ارائه می‌دهد و مستقیماً با استانداردهای رفاه و کیفیت زیست خانوادگی مرتبط است.,مرکز آمار
میانگین قیمت مسکن,ارزیابی ارزش تومانی سرپناه در این بخش، از طریق محاسبه متوسط قیمت خرید و فروش یک متر مربع زیربنای مسکونی بر حسب هزار ریال انجام می‌شود. این عدد اقتصادی، بازتاب‌دهنده سطح تورم ملکی و تحولات بازار مسکن در مناطق مختلف است و به عنوان یک معیار کلیدی، میزان توانمندی یا محرومیت خانواده‌ها را در دسترسی به یکی از اساسی‌ترین نیازهای معیشتی نشان می‌دهد.,مرکز آمار
سرانه حضور در سینما,شاخص «سرانه حضور در سینما» نشان می‌دهد به طور متوسط چند نفر از هر هزار نفر جمعیت در یک بازه زمانی مشخص به تماشای فیلم در سینما می‌روند. این شاخص تصویری از میزان مشارکت مردم در فعالیت‌های فرهنگی و سرگرمی ارائه می‌دهد و می‌تواند رفتارهای فرهنگی، گرایش به تفریح جمعی و اولویت‌های زمانی مردم در استفاده از اوقات فراغت را روشن کند.,وزارت فرهنگ و ارشاد اسلامی
ضریب نفوذ تلویزیون ایران,ضریب نفوذ تلویزیون تصویر روشنی از حضور رسانه ملی در زندگی روزمره ارائه می‌دهد و نشان می‌دهد تلویزیون چقدر در شکل‌دهی سرگرمی، اطلاع‌رسانی و پر کردن اوقات فراغت مردم نقش دارد. این داده بیانگر نسبت جمعیت دارای دسترسی و تماشای شبکه‌های تلویزیونی داخلی است. البته تماشای تلویزیون می‌تواند با تماشای ماهواره و نمایش خانگی و ... تداخل داشته باشد. بنابراین به معنای تنها رسانه‌ی مردم نیست.,پیمایش مصرف کالاهای فرهنگی (وزارت فرهنگ و ارشاد اسلامی)
ضریب نفوذ ماهواره,نسبت جمعیت دارای دسترسی و تماشای رسانه‌های ماهواره‌ای، ضریب نفوذ ماهواره را مشخص می‌کند. این شاخص نشان می‌دهد تلویزیون‌های خارجی و شبکه‌های ماهواره‌ای، زندگیِ روزمره‌ی چه سهمی از مردم را پوشش می‌دهند و تا چه حد در سرگرمی، اطلاع‌رسانی و انتخاب محتوای فرهنگی آن‌ها نقش دارند.,پیمایش مصرف کالاهای فرهنگی (وزارت فرهنگ و ارشاد اسلامی)
نرخ استفاده از صندلی سینما,این شاخص از تقسیم تعداد بلیت‌های فروخته‌شده به ظرفیت کل صندلی‌های سینما در یک بازه زمانی مشخص به‌دست می‌آید. از این طریق میزان بهره‌مندی مردم از امکانات سینمایی و گرایش آن‌ها به حضور در فعالیت‌های فرهنگی جمعی را منعکس می‌کند و تصویری از پر بودن سالن‌ها و محبوبیت سینما در بین مردم ارائه می‌دهد.,وزارت فرهنگ و ارشاد اسلامی
نرخ عضویت در کتابخانه,نرخ عضویت در کتابخانه سهم افرادی را نشان می‌دهد که در کتابخانه‌های عمومی ثبت‌نام کرده و امکان استفاده از منابع کتابخانه‌ای را دارند. این شاخص بازتابی از میزان دسترسی و علاقه مردم به مطالعه و فعالیت‌های فرهنگی مرتبط با کتاب است و تصویر روشنی از مشارکت جامعه در فعالیت‌های کتاب‌محور و ترویج فرهنگ کتابخوانی ارائه می‌دهد,وزارت فرهنگ و ارشاد اسلامی
سرانه مطالعه کتاب,مطالعه کتاب به‌عنوان نماگری از سطح گرایش فرهنگی، سبک گذران اوقات فراغت و جایگاه کتاب در زندگی روزمره اهمیت زیادی دارد. این شاخص نشان‌دهنده متوسط زمانی است که هر فرد در طول یک هفته به مطالعه غیردرسی می‌پردازد.,پیمایش مصرف کالاهای فرهنگی (وزارت فرهنگ و ارشاد اسلامی)
سرانه مطالعه روزنامه,مطالعه روزنامه به‌عنوان نماگری از سطح گرایش فرهنگی، سبک گذران اوقات فراغت و جایگاه روزنامه در زندگی روزمره اهمیت زیادی دارد. این شاخص نشان‌دهنده متوسط زمانی است که هر فرد در طول یک هفته به مطالعه روزنامه می‌پردازد.,پیمایش مصرف کالاهای فرهنگی (وزارت فرهنگ و ارشاد اسلامی)
سرانه مصرف موسیقی,سرانه زمان مصرف موسیقی در هفته میانگین مدت زمانی را نشان می‌دهد که افراد در طول یک هفته به شنیدن موسیقی اختصاص می‌دهند. این شاخص به دقیقه بیان شده و نمایانگر نقش موسیقی در زندگی روزمره و اوقات فراغت افراد است و می‌تواند الگوهای سلیقه فرهنگی، میزان گرایش به سرگرمی‌های شنیداری و جایگاه موسیقی در سبک زندگی جامعه را نشان دهد.,مرکز آمار
سرانه تماشای تئاتر,سرانه تماشای تئاتر شاخصی است که از تقسیم تعداد کل تماشاگران سالن‌های تئاتر در یک سال بر جمعیت در میانه‌ی همان سال به دست می‌آید. اینکه به طور متوسط از هر 1000 نفر چند فرد در یک سال تماشاگرِ تئاتر بوده‌اند، تصویری از میزان مشارکت در هنرهای نمایشی و گرایش به تجربه‌های فرهنگی زنده ارائه می‌دهد. افزایش آن معمولاً بیانگر پررنگ‌تر شدن نقش هنرهای نمایشی در اوقات فراغت و زندگی فرهنگی جامعه است.,وزارت فرهنگ و ارشاد اسلامی
تعداد نمایشگاه هنر تجسمی,تعداد نمایشگاه‌های هنرهای تجسمی در یک سال بیانگر میزان برگزاری رویدادهای هنری مرتبط با نقاشی، مجسمه‌سازی، عکاسی و سایر شاخه‌های هنرهای تجسمی است. این شاخص تصویری از فرصت‌های دسترسی مردم به آثار هنری و فعالیت‌های فرهنگی ارائه می‌دهد و نشان می‌دهد تا چه حد هنرهای تجسمی در زندگی فرهنگی و خلاقانه جامعه حضور دارند.,وزارت فرهنگ و ارشاد اسلامی
تعداد اجراهای موسیقی,این شاخص فرصت‌های دسترسی مردم به تجربه‌های موسیقایی را منعکس می‌کند و تصویری از نقش موسیقی در سرگرمی، فرهنگ و زندگی روزمره جامعه ارائه می‌دهد. تعداد اجراهای موسیقی همچنین می‌تواند میزان گرایش مردم به حضور در فعالیت‌های هنری جمعی را نشان دهد.,وزارت فرهنگ و ارشاد اسلامی
متوسط هزینه‌های فرهنگی,متوسط هزینه‌های فرهنگی خانوار  (به ریال) در یک سال نشان می‌دهد یک خانوار به طور میانگین چه مبلغی را صرف فعالیت‌ها و کالاهای فرهنگی و تفریحی می‌کند. این شاخص بازتابی از سطح مشارکت خانوارها در فعالیت‌های فرهنگی و هنری و گرایش آن‌ها به سرگرمی و گذران اوقات فراغت ارائه می‌دهد و تصویر کلی از اهمیت فرهنگ و هنر در زندگی روزمره مردم را نشان می‌دهد.,مرکز آمار
تعداد انتشار کتاب,رونق یا رکود فعالیت‌های نشر، در تعداد عناوین کتاب‌های منتشرشده طی یک سال نمایان می‌شود و تصویری از جریان تولید محتوای مکتوب ارائه می‌دهد. افزایش انتشار کتاب معمولاً به معنای تنوع بیشتر محتوای قابل دسترس برای مخاطبان و تقویت جریان مطالعه و استفاده از محصولات فرهنگی است. به همین دلیل، این شاخص علاوه بر بازتاب وضعیت نشر، می‌تواند نشانه‌ای از پویایی مصرف فرهنگی و میزان توجه جامعه به کتاب و محتوای مکتوب نیز باشد.,مرکز آمار
مشارکت در کانون فرهنگی,شاخص مشارکت در کانون فرهنگی نشان می‌دهد هر کانون فرهنگی هنری مساجد به طور متوسط چه تعداد عضو یا مخاطب فعال دارد. این شاخص از نسبت تعداد اعضای کانون‌ها به تعداد کل کانون‌های فرهنگی هنری به دست می‌آید و میزان جذب و درگیری افراد در فعالیت‌های فرهنگی و هنری را بازتاب می‌دهد. هرچه مقدار این شاخص بالاتر باشد، بیانگر موفقیت بیشتر کانون‌ها در جذب و نگهداشت مشارکت فرهنگی مردم و استفاده فعال‌تر از ظرفیت اوقات فراغت در بستر فعالیت‌های فرهنگی است.,وزارت فرهنگ و ارشاد اسلامی
سهم هزینه پوشاک,اینکه چه نسبتی  از کل مخارج سالانه خانوار به خرید پوشاک اختصاص پیدا می‌کند، مبنای محاسبه‌ی این شاخص است. سهم هزینه پوشاک تصویری از جایگاه این کالا را در الگوی مصرف خانوار ارائه می‌دهد و می‌تواند بیانگر میزان توجه به ظاهر، مد و نیازهای پوشاک در کنار سایر اولویت‌های هزینه‌ای باشد. تغییرات آن همچنین بازتابی از رفتار مصرفی و سبک زندگی اقتصادی–فرهنگی خانوارها در حوزه مد و پوشاک است.,مرکز آمار
ارادت به اهل بیت,جایگاه محبت و ارادت به خاندان پیامبر اسلام در باورهای عمومی، از طریق سنجش میزان دلبستگی افراد به ایشان ارزیابی می‌شود. میانگین نهایی شاخص بازه‌ای بین صفر تا صد دارد که هر چه بالاتر باشد، به معنی ریشه‌دار بودن دلبستگی به اهل بیت است که شاخص مهمی در شناخت ریشه‌های دینی در فرهنگ مردم محسوب می‌شود.,پیمایش ارزش‌ها و نگرش‌ها
میزان تقید به نماز,این شاخص به بررسی میزان استمرار و مداومت افراد در نمازگزاری می‌پردازد که از هیچ‌وقت تا همیشه کدگذاری شده است. در نهایت میانگین این شاخص پس از نرمال‌سازی، در بازه‌ی بین صفر تا صد قرار گرفته و هرچه بالاتر باشد، تصویری از عمیق‌تر بودن فرهنگ نمازخوانی را بازتاب می‌دهد.,پیمایش ارزش‌ها و نگرش‌ها
میزان روزه‌داری,شاخص روزه‌داری میزان التزام افراد به انجام فریضه روزه گرفتن را می‌سنجد که از هیچ‌وقت تا همیشه کدگذاری شده است. درنهایت، میانگین این شاخص پس از نرمال‌سازی، در بازه‌ی بین صفر تا صد قرار گرفته است. بالا و پایین بودن میزان این شاخص مشخص می‌سازد که این بخش از مناسک تا حدی در متن زندگی جریان دارد و کشش عمومی برای همراهی با این واجب الهی تا چه سطحی تثبیت شده است.,پیمایش ارزش‌ها و نگرش‌ها
میزان تلاوت قرآن,سنجش میزان قرائت و استمرار افراد در بازخوانی آیات کتاب قرآن شاخص تلاوت قرآن را شکل داده است که در بازه‌ی بین صفر تا صد بازسازی شده است. این آمار نشان می‌دهد که کلام وحی چقدر در زندگی روزمره مردم حضور دارد و میانگین انس با آن در جامعه چقدر است.,پیمایش ارزش‌ها و نگرش‌ها
شرکت در نماز جماعت,این شاخص نشان می‌دهد که شرکت در نماز جمعه که یکی از مهمترین جلوه‌های عبادت جمعی است، تا چه میزان در یک جامعه رواج دارد. خروجی این سنجش به صورت بازه‌ای از صفر تا صد بیان شده است که بالاتر بودن آن به معنای استمرار بیشتر در این امر است.,پیمایش ارزش‌ها و نگرش‌ها
باور به خدا,میزان اتکای قلبی افراد به اراده پروردگار و توکل به او در انجام امور مهم زندگی، هسته اصلی این شاخص را تشکیل می‌دهد. به‌عبارتی این شاخص نشان می‌دهد که باور به خدا چقدر به صورت عملی (یعنی توکل به خدا) در زندگی افراد یک جامعه جاری است. شاخص باور به خدا بازه‌ای بین صفر تا صد دارد.,پیمایش ارزش‌ها و نگرش‌ها
باور به معاد,این شاخص بیانگر میزان پایبندی ذهنی به پدیده حسابرسی اعمال و جاودانگی انسان پس از مرگ در آخرت است. معاد که یکی از پایه‌های اصلی باورهای دینی است، می‌تواند تصویر روشنی از فرهنگ دینی مردم یک جامعه ارائه دهد. میانگین این شاخص پس از تبدیل، در بازه‌ی صفر تا صد قرار گرفته و بالاتر بودن آن به معنی شدت بیشتر در باور به این امر است.,پیمایش ارزش‌ها و نگرش‌ها
هویت دینی,اینکه مردم کدام یک از وجهه‌های هویتی خود (مانند دین، ملیت، قومیت و ...) را در اولویت قرار می‌دهند و خودشان را بیشتر از همه با آن امر پیوندخورده می‌دانند، نمایانگر ریشه‌های فرهنگی و اجتماعی عمیق درمیان آنان است. شاخص هویت دینی سهم کسانی را سنجیده است که اولویت هویتی خود را دین خود می‌دانستند و خود را با آن معرفی می‌کردند. جامعه آماری این شاخص جوانان 18 تا 35 سال بوده است.,پیمایش ارزش‌ها و نگرش‌های جوانان
هویت انقلابی,ترکیب دو پرسش درباره «نقش ولایت فقیه در امنیت و اقتدار کشور» و «تاثیر انقلاب اسلامی در افزایش استقلال در صحنه جهانی»، تشکیل دهنده نمره شاخص هویت انقلابی بوده است. نمره نهایی این سنجش پس از نرمال‌سازی، بین صفر تا صد قرار گرفته که بالاتر بودن آن نمادی از مقبولیت بالا و عمق باور افراد به ارکان حاکمیت دینی است.,پیمایش ارزش‌ها و نگرش‌ها
آرمان آزادی قدس,میزان موافقت و همراهی ذهنی افراد با راهبرد آرمانیِ مبارزه با اسرائیل که نشان‌دهنده پیوند عمیق با جامعه دینی اسلام است، نمره این شاخص را شکل داده است. این معیار با تبدیل پاسخ‌ها به نمره‌ای بین صفر تا صد نشان می‌دهد که رویکرد همبستگی دینی فراملی و روحیه مقاومت در برابر ظلم تا چه حد در اندیشه جامعه جاری است.,پیمایش ارزش‌ها و نگرش‌ها
مرجعیت دینی,داشتن مرجع تقلید که معیار اصلی سنجش این شاخص است، سطح پیوند با جامعه دینی را نشان می‌دهد. بنابراین هر چه این شاخص بالاتر باشد، به این معنی است که تعداد افراد بیشتری خود را با بدنه‌ی مرجعیت دینی پیوند داده‌اند. جامعه آماری این شاخص جوانان 18 تا 35 سال بوده است.,پیمایش ارزش‌ها و نگرش‌های جوانان
مشارکت در عزاداری,شاخص شرکت در مراسم عزاداری میزان مشارکت افراد در آیین‌ها و مراسم مذهبی مرتبط با سوگواری را نشان می‌دهد و بر اساس داده‌های پیمایشی در مقیاس صفر تا ۱۰۰ سنجیده می‌شود. این شاخص بازتابی از حضور و درگیری افراد در مناسک جمعی دینی است و می‌تواند تصویری از پیوندهای مذهبی، مشارکت اجتماعی و جایگاه آیین‌های عزاداری در زندگی فرهنگی و اعتقادی جامعه ارائه دهد.,پیمایش ارزش‌ها و نگرش‌ها
زیارت اماکن متبرکه,میزان حضور و مشارکت افراد در زیارتگاه‌ها و اماکن مذهبی، بازتابی از جایگاه زیارت در رفتارهای دینی و مناسکی جامعه است. مبتنی بر داده‌های پیمایشی در مقیاس صفر تا ۱۰۰ این جایگاه محاسبه شده است. این شاخص بازتابی از پیوند معنوی افراد با فضاهای مذهبی و نقش زیارت در سبک زندگی دینی جامعه است و می‌تواند میزان حضور مناسک مذهبی در اوقات فراغت و تجربه‌های جمعی افراد را منعکس کند.,پیمایش ارزش‌ها و نگرش‌ها
باور به ضرورت حجاب,شاخص باور به ضرورت حجاب میزان موافقت افراد با ضرورت رعایت حجاب برای زنان را نشان می‌دهد و بر پایه پاسخ به این گزاره که «همه خانم‌ها باید حجاب داشته باشند» محاسبه شده است. مقدار این شاخص پس از تبدیل میانگین پاسخ‌ها به مقیاس صفر تا صد، تصویری از نگرش جامعه نسبت به حجاب و جایگاه آن در ارزش‌ها و سبک زندگی دینی ارائه می‌دهد.,پیمایش ارزش‌ها و نگرش‌ها
برخورد با مصادیق غیردینی,میزان آمادگی افراد برای واکنش نشان دادن به رفتارهایی که از دیدگاه آنان با هنجارهای دینی ناسازگار است، موضوع این سنجش را شکل می‌دهد. این شاخص بر اساس نحوه مواجهه با مواردی مانند بی‌حجابی و برگزاری مهمانی مختلط و در مقیاس صفر تا صد محاسبه شده است. مقادیر بالاتر بیانگر گرایش بیشتر به واکنش فعال، تذکر یا اطلاع به مراجع مسئول و مقادیر پایین‌تر نشان‌دهنده بی‌تفاوتی یا واکنش حداقلی در برابر این رفتارهاست.,پیمایش ارزش‌ها و نگرش‌ها
رواج فضائل اخلاقی,شاخص فضائل اخلاقی بازتابی از ارزیابی مردم نسبت به میزان رواج برخی ارزش‌ها و رفتارهای اخلاقی در جامعه است. این شاخص بر پایه نگرش افراد درباره گسترش ویژگی‌هایی مانند بخشش و ازخودگذشتگی، پایبندی به قول و قرار و صبر و تحمل اجتماعی طراحی شده و در مقیاس صفر تا صد محاسبه می‌شود. مقادیر بالاتر نشان‌دهنده برداشت مثبت‌تر مردم از وضعیت اخلاق و روابط اجتماعی سازگار با ارزش‌های دینی در جامعه است.,پیمایش ارزش‌ها و نگرش‌ها
گرایش هزینه‌ای مذهبی,اینکه چه سهمی از هزینه‌های فرهنگی خانوار به فعالیت‌ها و اقلام مرتبط با امور مذهبی، از جمله خمس و زکات و نذر و فطریه و ...، اختصاص پیدا می‌کند، مبنای این شاخص است. درواقع گرایش هزینه‌ای مذهبی نماگری از اولویت‌ها و ترجیحات فرهنگی خانوارهاست و می‌تواند میزان توجه به مناسک، فعالیت‌ها و سبک زندگی دینی را در الگوی مصرف فرهنگی جامعه نشان دهد.,مرکز آمار
میزان تورم کل شهری,نوسانات سطح قیمت کالاها و خدمات مصرفی در مناطق شهری، تصویری از روند تورم و تغییر هزینه‌های زندگی شهری در طول زمان ارائه می‌کند. این شاخص نشان می‌دهد هزینه زندگی شهری تا چه اندازه افزایش یا کاهش یافته و یکی از مهم‌ترین معیارهای سنجش قدرت خرید خانوارها به شمار می‌رود. تغییرات آن می‌تواند بر الگوی مصرف، رفاه اقتصادی و توان خانوارها در تأمین نیازهای روزمره تأثیرگذار باشد.,مرکز آمار
سهم وام دریافتی,سهم افرادی که طی یک سال از تسهیلات و وام‌های مالی استفاده کرده‌اند، تصویری از میزان بهره‌گیری جامعه از منابع اعتباری ارائه می‌کند. این شاخص تصویری از میزان استفاده مردم از ابزارهای اعتباری و مالی برای تأمین نیازهای اقتصادی، سرمایه‌گذاری یا جبران کمبود منابع مالی ارائه می‌دهد. تغییرات آن می‌تواند بازتابی از دسترسی به منابع مالی، رفتارهای اقتصادی خانوارها و نقش اعتبار در معیشت و فعالیت‌های اقتصادی جامعه باشد. مقدار صفر در این شاخص به معنای صفر واقعی نیست، بلکه با توجه به پیمایشی بودن داده‌ها نشان‌دهنده میزان بسیار ناچیز است.,مرکز آمار
گرایش به ریاضی فیزیک,گرایش به ریاضی فیزیک با استفاده از نسبت افرادی که در رشته‌ی ریاضی و فیزیک فارغ‌التحصیل شده‌اند تقسیم بر کل فارغ‌التحصیلان محاسبه شده است. این شاخص نماگر خوبی برای جهت‌گیری آموزشی دانش‌آموزان و خانواده‌هایشان است و می‌تواند روندهای فعلی و آینده‌ی آموزش و بازار کار را بازتاب دهد.,وزارت آموزش و پرورش
گرایش به علوم انسانی,گرایش به علوم انسانی با استفاده از نسبت افرادی که در رشته‌ی علوم انسانی فارغ‌التحصیل شده‌اند تقسیم بر کل فارغ‌التحصیلان محاسبه شده است. این شاخص نماگر خوبی برای جهت‌گیری آموزشی دانش‌آموزان و خانواده‌هایشان است و می‌تواند روندهای فعلی و آینده‌ی آموزش و بازار کار را بازتاب دهد.,وزارت آموزش و پرورش
گرایش به علوم تجربی,گرایش به علوم تجربی با استفاده از نسبت افرادی که در رشته‌ی علوم تجربی فارغ‌التحصیل شده‌اند تقسیم بر کل فارغ‌التحصیلان محاسبه شده است. این شاخص نماگر خوبی برای جهت‌گیری آموزشی دانش‌آموزان و خانواده‌هایشان است و می‌تواند روندهای فعلی و آینده‌ی آموزش و بازار کار را بازتاب دهد.,وزارت آموزش و پرورش
گرایش به رشته‌های فنی,گرایش به رشته‌های فنی نشان‌دهنده سهم دانش‌آموختگان شاخه‌های فنی‌وحرفه‌ای و کاردانش از کل فارغ‌التحصیلان دوره متوسطه دوم است و از تقسیم تعداد فارغ‌التحصیلان این شاخه‌ها بر کل فارغ‌التحصیلان متوسطه دوم محاسبه می‌شود. این شاخص بیانگر جهت‌گیری آموزشی جامعه به سوی مهارت‌آموزی، آمادگی برای ورود به بازار کار و توسعه سرمایه انسانی مهارت‌محور بوده و از منظر فرهنگی و اجتماعی، بازتاب‌دهنده ارزش و منزلت اجتماعی آموزش‌های فنی و نگرش جامعه به اشتغال، تولید و مهارت‌های کاربردی است.,وزارت آموزش و پرورش
نسبت دانشجو به استاد,نسبت تعداد دانشجویان به استادان یا اعضای هیئت علمی، میانگین تعداد دانشجویانی را مشخص می‌کند که هر عضو هیئت علمی مسئول پوشش آموزشی آنان است. این نسبت برای بررسی وضعیت ظرفیت آموزشی و میزان دسترسی دانشجویان به منابع انسانی آموزش عالی کاربرد دارد.,وزارت علوم، تحقیقات و فناوری
نسبت دانش‌آموز به معلم ابتدایی,این شاخص حاصل تقسیم تعداد دانش‌آموزان بر تعداد معلمان در یک مقطع یا منطقه آموزشی است و متوسط تعداد دانش‌آموزانی را که هر معلم مسئول آموزش آن‌هاست، نشان می‌دهد. این نسبت برای ارزیابی ظرفیت نیروی انسانی آموزش، وضعیت کلاس‌های درس و میزان دسترسی دانش‌آموزان به خدمات آموزشی مورد استفاده قرار می‌گیرد.,وزارت آموزش و پرورش
نرخ ارتقای تحصیلی ابتدایی,نرخ ارتقای تحصیلی بیانگر درصد افرادی است که پس از پایان یک پایه یا مقطع، شرایط لازم برای ورود به سطح بالاتر آموزشی را کسب کرده‌اند. محاسبه این نرخ بر اساس نسبت تعداد افراد ارتقایافته به کل افراد مشمول ارتقا انجام می‌شود و روند پیشرفت تحصیلی را نشان می‌دهد.,وزارت آموزش و پرورش
نرخ ترک تحصیل ابتدایی,تداوم یا گسست حضور افراد در مسیر آموزش، با میزان ترک تحصیل دانش‌آموزان و دانشجویان پیش از رسیدن به پایان دوره تحصیلی قابل ارزیابی است. این نرخ از مقایسه تعداد افراد ترک‌تحصیل‌کرده با کل جمعیت در حال تحصیل محاسبه می‌شود و برای ارزیابی تداوم حضور در نظام آموزشی مورد استفاده قرار می‌گیرد.,وزارت آموزش و پرورش
سهم هزینه آموزش روستایی,سهم هزینه‌های آموزشی از کل مخارج، میزان توجه و تخصیص منابع مالی به حوزه آموزش را در مقایسه با سایر هزینه‌ها نشان می‌دهد. این سهم از تقسیم هزینه‌های آموزشی بر مجموع هزینه‌ها و ضرب در 100 محاسبه می‌شود و میزان منابع مالی صرف‌شده برای فعالیت‌ها و خدمات آموزشی را در مقایسه با سایر هزینه‌ها نشان می‌دهد. این شاخص بیانگر اولویت دادن به آموزش در تخصیص منابع است.,مرکز آمار
سهم هزینه آموزش شهری,سهم هزینه‌های آموزشی از کل مخارج، میزان توجه و تخصیص منابع مالی به حوزه آموزش را در مقایسه با سایر هزینه‌ها نشان می‌دهد. این سهم از تقسیم هزینه‌های آموزشی بر مجموع هزینه‌ها و ضرب در 100 محاسبه می‌شود و میزان منابع مالی صرف‌شده برای فعالیت‌ها و خدمات آموزشی را در مقایسه با سایر هزینه‌ها نشان می‌دهد. این شاخص بیانگر اولویت دادن به آموزش در تخصیص منابع است.,مرکز آمار
نرخ باسوادی,نرخ باسوادی درصد افرادی از جمعیت مورد بررسی را نشان می‌دهد که توانایی خواندن و نوشتن دارند. این نرخ از تقسیم تعداد افراد باسواد بر کل جمعیت گروه سنی هدف و ضرب در 100 به دست می‌آید و تصویری از وضعیت برخورداری افراد از مهارت‌های پایه آموزشی در یک جامعه ارائه می‌کند.,وزارت آموزش و پرورش
شکاف جنسیتی سواد,تفاوت در نرخ باسوادی زنان و مردان، تصویری از شکاف جنسیتی در دسترسی به مهارت‌های پایه سوادآموزی ارائه می‌کند.این شاخص معمولاً از تفاضل نرخ باسوادی مردان و زنان محاسبه می‌شود و هرچه مقدار آن به صفر نزدیک‌تر باشد، وضعیت باسوادی دو جنس به یکدیگر نزدیک‌تر است.,مرکز آمار
نسبت جنسی آموزش عالی,توزیع دانشجویان زن و مرد در دانشگاه‌ها و مؤسسات آموزش عالی را از طریق مقایسه تعداد دو جنس نمایش می‌دهد. این نسبت معمولاً از تقسیم تعداد دانشجویان یک جنس بر تعداد دانشجویان جنس دیگر محاسبه می‌شود و برای بررسی ترکیب جنسیتی جمعیت دانشجویی به کار می‌رود.,وزارت علوم، تحقیقات و فناوری
تراکم دانش‌آموز در کلاس,وضعیت تراکم کلاسی در دوره ابتدایی، از تعداد دانش‌آموزانی که به‌طور متوسط در هر کلاس آموزشی قرار می‌گیرند، قابل مشاهده است. این شاخص برای بررسی میزان استفاده از فضاهای آموزشی و وضعیت توزیع دانش‌آموزان در کلاس‌ها به کار می‌رود و تصویری از عدالت آموزشی در مقطع ابتدایی ارائه می‌کند. هرچه این شاخص بالاتر باشد، به معنای کمبود کلاس‌های آموزشی است.,وزارت آموزش و پرورش
میزان سرقت,این شاخص نسبت دستگیرشدگان انواع سرقت‌های عادی را به جمعیت نشان می‌دهد و بیانگر گستره جرائم سرقت و میزان مواجهه دستگاه‌های انتظامی با این نوع جرم است., فرماندهی انتظامی جمهوری اسلامی ایران
میزان قتل,قتل یکی از شدیدترین اشکال خشونت در جامعه است. این شاخص تعداد قتل‌های ثبت‌شده را به ازای هر صدهزار نفر جمعیت اندازه‌گیری می‌کند و میزان وقوع جرائم خشن و وضعیت امنیت عمومی در هر منطقه را به تصویر می‌کشد., فرماندهی انتظامی جمهوری اسلامی ایران
میزان قاچاق مواد,کشف مواد مخدر یکی از مهم‌ترین شاخص‌های مرتبط با مقابله با جرائم مواد مخدر است. این نماگر مجموع انواع مواد مخدر کشف‌شده را بر حسب کیلوگرم نشان می‌دهد و تصویری از حجم فعالیت‌های مرتبط با مواد مخدر و اقدامات مقابله‌ای دستگاه‌های مسئول در هر منطقه ارائه می‌کند.,ستاد مبارزه با مواد مخدر
نرخ ورودی زندان‌ها,ورود افراد به زندان یکی از پیامدهای نظام عدالت کیفری در مواجهه با جرائم است. این نماگر تعداد ورودی‌های زندان را نسبت به جمعیت استان نشان می‌دهد و تصویری از حجم جرائمی ارائه می‌کند که به بازداشت یا اجرای حکم حبس منجر شده‌اند. از آنجا که همه افراد دستگیرشده وارد زندان نمی‌شوند، این شاخص صرفاً بیانگر میزان دستگیری نیست و تا حدی بازتابی از نحوه برخورد نظام قضایی با جرائم نیز محسوب می‌شود.,سازمان زندان‌ها و اقدامات تأمینی و تربیتی کشور
نرخ مرگ‌ومیر ناشی از تصادف,حوادث رانندگی هر ساله بخشی از تلفات انسانی کشور را به خود اختصاص می‌دهند. این نماگر تعداد فوت‌شدگان ناشی از تصادفات را نسبت به هر صد هزار نفر جمعیت اندازه‌گیری می‌کند و تصویری از وضعیت ایمنی حمل‌ونقل و پیامدهای اجتماعی حوادث رانندگی ارائه می‌دهد., فرماندهی انتظامی جمهوری اسلامی ایران
فراگیری مصرف مشروبات,برداشت مردم از میزان رواج مصرف مشروبات الکلی، لزوماً با میزان واقعی آن یکسان نیست؛ اما برآورد خوبی از میزان حساسیت جامعه یا حتی شیوع واقعی آن است. این نماگر بر اساس ارزیابی جوانان ۱۸ تا ۳۵ سال از شیوع این رفتار در میان همسالان خود محاسبه می‌شود. نمره‌های بالاتر نشان می‌دهد پاسخگویان مصرف مشروبات الکلی را فراگیرتر ارزیابی کرده‌اند.,پیمایش ارزش‌ها و نگرش‌های جوانان
سرانه مصرف سیگار,میزان مصرف سیگار، یکی از شاخص‌های مهم در بررسی رفتارهای مرتبط با سلامت است. این نماگر متوسط تعداد نخ‌های سیگار مصرف‌شده توسط مردان بالای ۱۵ سال را در یک هفته نشان می‌دهد و امکان رصد تغییرات شدت مصرف دخانیات را فراهم می‌کند.,مرکز آمار
دریافت خدمات روانی,بهره‌گیری از خدمات سلامت روان، یکی از ابعاد قابل رصد سلامت اجتماعی است. این شاخص نشان می‌دهد از هر ده هزار خانوار چه تعدادشان در ماه مرجع طرح آمارگیری، حداقل یکی از اعضای آن‌ها به روانشناس یا روانپزشک مراجعه کرده است. این شاخص تصویری از رواج استفاده‌ی خانوارها از خدمات تخصصی سلامت روان و تغییرات آن در جامعه ارائه می‌کند. مقدار صفر در این شاخص به معنای صفر واقعی نیست، بلکه با توجه به پیمایشی بودن داده‌ها نشان‌دهنده میزان بسیار ناچیز است.,مرکز آمار
رواج درمان اعتیاد,مراجعه خانوارها به مراکز ترک اعتیاد، میزان بهره‌گیری آنان از خدمات درمانی مرتبط با ترک وابستگی به مواد را بازتاب می‌دهد. در این سنجه، تعداد خانوارهایی که در ماه مرجع آمارگیری برای درمان حداقل یکی از اعضای خود به این مراکز مراجعه کرده‌اند، به ازای هر ده‌هزار خانوار بیان می‌شود. مقدار صفر در این شاخص به معنای صفر واقعی نیست، بلکه با توجه به پیمایشی بودن داده‌ها نشان‌دهنده میزان بسیار ناچیز است.,مرکز آمار
میزان خودکشی,خودکشی از مهم‌ترین آسیب‌های اجتماعی و روانی به شمار می‌رود. این نماگر تعداد موارد خودکشی را به ازای هر صدهزار نفر جمعیت نشان می‌دهد و امکان مقایسه وضعیت مناطق مختلف و بررسی روند تغییرات این پدیده را در طول زمان فراهم می‌کند., فرماندهی انتظامی جمهوری اسلامی ایران
رواج عمل‌های زیبایی,رواج جراحی‌ها و اقدامات زیبایی در سال‌های اخیر به یکی از ابعاد قابل توجه سبک زندگی تبدیل شده است و می‌تواند بیانگر  یکی از مسائل اجتماعی نوظهور باشد. تعداد افرادی  که عمل زیبایی انجام داده‌اند به ازای هر ده هزار نفر جمعیت، تصویری از فراگیری استفاده از این خدمات را ارائه می‌کند. مقدار صفر در این شاخص به معنای صفر واقعی نیست، بلکه با توجه به پیمایشی بودن داده‌ها نشان‌دهنده میزان بسیار ناچیز است.,مرکز آمار
رواج نگهداری حیوانات خانگی,نگهداری حیوانات خانگی هم از دیرباز در خانواده‌ها رواج داشته و هم به‌عنوان الگویی از سبک زندگی جدید شناخته می‌شود. در این شاخص سهم خانوارهایی محاسبه شده که در طول یک‌سال به هر مبلغی برای حیوانات خانگی خود  هزینه کرده‌اند. مقدار صفر در این شاخص به معنای صفر واقعی نیست، بلکه با توجه به پیمایشی بودن داده‌ها نشان‌دهنده میزان بسیار ناچیز است.,مرکز آمار
رواج مصرف فست‌فود,غذاهای آماده‌ی به اصطلاح «فست‌فود» به بخشی از الگوی مصرف بسیاری از خانوارها تبدیل شده‌اند. با این حال، نگرانی‌هایی درباره‌ی سلامت این غذاها وجود دارد. شاخص رواج مصرف فست‌فود سهم خانوارهایی را نشان می‌دهد که در ماه مرجع حداقل یک بار فست‌فود مصرف کرده‌اند و تصویری از میزان فراگیری این الگوی تغذیه‌ای ارائه می‌دهد.,مرکز آمار
رواج مصرف نوشابه,نوشابه‌ها از اقلام رایج سبد مصرف خانوارها هستند که به دلیل محتوای بالای قند و پیامدهای منفی برای سلامت، همواره مورد نگرانی سلامت قرار هستند. شاخص رواج مصرف نوشابه سهم خانوارهایی را نشان می‌دهد که در ماه مرجع طرح هزینه و درآمد خانوار حداقل یک‌بار برای خرید نوشابه هزینه کرده‌اند و میزان فراگیری این نوع مصرف را در میان خانوارها به‌عنوان بخشی از الگوهای تغذیه و سبک زندگی بازتاب می‌دهد.,مرکز آمار
رواج آموزش زبان خارجی,شاخص رواج آموزش زبان خارجی سهم خانوارهایی را نشان می‌دهد که در طول یک سال برای حداقل یکی از اعضای خود هزینه کلاس زبان خارجی خارج از مدرسه پرداخت کرده‌اند. این شاخص میزان فراگیری آموزش زبان خارجی را به‌عنوان یکی از مولفه‌های سبک زندگی و الگوهای مصرف فرهنگی بازتاب می‌دهد. مقدار صفر در این شاخص به معنای صفر واقعی نیست، بلکه با توجه به پیمایشی بودن داده‌ها نشان‌دهنده میزان بسیار ناچیز است.,مرکز آمار
میزان پذیرش تنبیه کودکان,شیوه‌های تربیتی خانواده‌ها تا حد زیادی تحت تأثیر ارزش‌ها و هنجارهای فرهنگی قرار دارند. این نماگر از میزان موافقت یا مخالفت افراد با تنبیه بدنی کودکان به دست آمده است و در بازه‌ی صفر تا صد تعدیل شده است. نمره‌های بالاتر نشان‌دهنده پذیرش بیشتر این روش تربیتی و نمره‌های پایین‌تر بیانگر مخالفت بیشتر با آن است.,پیمایش ارزش‌ها و نگرش‌ها
مراجعه به خدمات ماورایی,خدمات شبه‌معنوی شامل فعالیت‌هایی مانند رمالی، طالع‌بینی، پیشگویی و موارد مشابه است که با هدف پیش‌بینی آینده یا حل مسائل فردی و خانوادگی مورد استفاده قرار می‌گیرند. این شاخص سهم خانوارهایی را نشان می‌دهد که در طول یک سال، حداقل یک‌بار برای استفاده از این خدمات هزینه پرداخت کرده‌اند. مقدار صفر در این شاخص به معنای صفر واقعی نیست، بلکه با توجه به پیمایشی بودن داده‌ها نشان‌دهنده میزان بسیار ناچیز است.,مرکز آمار
رواج درمان‌های سنتی,درمان‌های سنتی همچنان یکی از گزینه‌های مورد استفاده بخشی از جامعه برای پیشگیری یا درمان برخی مشکلات سلامت هستند و انتخاب آن‌ها می‌تواند بازتابی از باورها، تجربه‌ها و ترجیحات فرهنگی افراد باشد.این شاخص سهم خانوارهایی را نشان می‌دهد که در طول یک سال، حداقل یک‌بار برای دریافت خدمات طب سنتی هزینه پرداخت کرده‌اند و تصویری از میزان فراگیری این الگوی درمان‌جویی در جامعه ارائه می‌دهد. مقدار صفر در این شاخص به معنای صفر واقعی نیست، بلکه با توجه به پیمایشی بودن داده‌ها نشان‌دهنده میزان بسیار ناچیز است.,مرکز آمار
احساس امنیت شغلی,نگرانی از دست دادن شغل می‌تواند بر کیفیت زندگی و تصمیم‌های اقتصادی افراد اثرگذار باشد. این نماگر از پاسخ افراد به پرسش «تا چه حد نگران از دست دادن شغل خود هستید؟» به دست می‌آید و در بازه‌ی صفر تا صد نرمال شده است. نمره‌های بالاتر بیانگر نگرانی بیشتر نسبت به از دست دادن شغل و نمره‌های پایین‌تر نشان‌دهنده احساس امنیت شغلی بیشتر هستند.,پیمایش ارزش‌ها و نگرش‌ها
پذیرش ازدواج سفید,نگرش جامعه به الگوهای جدید زندگی خانوادگی در این نماگر منعکس می‌شود. مبنای محاسبه آن میزان موافقت یا مخالفت افراد با زندگی مشترک دختر و پسر بدون ازدواج رسمی است که در بازه‌ی صفر تا صد نرمال شده است. هرچه امتیاز بالاتر باشد، پذیرش این شیوه زندگی در میان پاسخگویان بیشتر بوده است.,پیمایش ارزش‌ها و نگرش‌ها
پذیرش دوستی دختر و پسر,روابط پیش از ازدواج از موضوعاتی است که نگرش‌های متفاوتی درباره آن وجود دارد. نگرش پاسخگویان نسبت به دوستی و معاشرت دختر و پسر پیش از ازدواج، بر اساس میزان موافقت یا مخالفت آنان با این نوع روابط سنجیده شده و در بازه صفر تا صد نرمال‌سازی شده است. امتیازهای بالاتر به معنای پذیرش بیشتر این نوع روابط و امتیازهای پایین‌تر بیانگر مخالفت بیشتر با آن است.,پیمایش ارزش‌ها و نگرش‌ها
احساس امنیت در خیابان,احساس امنیت در فضاهای عمومی، یکی از مولفه‌های مهم امنیت اجتماعی و کیفیت زندگی شهری است. این شاخص بر اساس میزان موافقت یا مخالفت افراد با گزاره «در هنگام تردد در خیابان و کوچه احساس امنیت می‌کنم» محاسبه می‌شود و پس از نرمال‌سازی در بازه‌ی صفر تا صد قرار گرفته است. نمره‌های بالاتر بیانگر احساس امنیت بیشتر و نمره‌های پایین‌تر نشان‌دهنده احساس ناامنی بیشتر در فضاهای عمومی است.,پیمایش ارزش‌ها و نگرش‌های جوانان
امید به آینده شغلی,تصور افراد از آینده کاری خود، یکی از عوامل مؤثر بر رضایت از زندگی و برنامه‌ریزی برای آینده است. میزان بدبینی یا خوش‌بینی افراد نسبت به آینده کاری، از طریق سنجش میزان موافقت آنان با گزاره «آینده شغلی روشنی را پیش روی خود نمی‌بینم» محاسبه شده و پس از نرمال‌سازی در بازه صفر تا صد قرار گرفته است. نمره‌های بالاتر بیانگر بدبینی بیشتر نسبت به آینده شغلی و نمره‌های پایین‌تر نشان‌دهنده امید بیشتر به فرصت‌های شغلی آینده است.,پیمایش ارزش‌ها و نگرش‌های جوانان
میزان اعتماد به دیگران,اعتماد، زیربنای بسیاری از روابط اجتماعی است و بر کیفیت تعاملات روزمره، همکاری و احساس امنیت در میان افراد اثر می‌گذارد. این نماگر با ترکیب میزان اعتماد به خانواده، دوستان، همکاران، همسایگان و عموم مردم، تصویری از سطح اعتماد میان افراد جامعه ارائه می‌کند. نمرات ایت شاخص پس از نرمال‌سازی در بازه صفر تا صد قرار گرفته و نمره بالاتر نشان‌دهنده شکل‌گیری روابط اجتماعی مبتنی بر اطمینان بیشتر است.,پیمایش سرمایه اجتماعی (مرکز تحقیقات صداوسیما)
میزان اعتماد سازمانی,اعتماد اجتماعی تنها در روابط میان افراد شکل نمی‌گیرد؛ سازمان‌ها و نهادهای عمومی نیز در ایجاد احساس اطمینان و ثبات نقش مهمی دارند. این نماگر میزان اعتماد شهروندان به سازمان‌های رسمی را در قالب یک نمره ترکیبی نشان می‌دهد و یکی از نشانه‌های کیفیت رابطه جامعه با ساختارهای حکمرانی و خدمات عمومی به شمار می‌آید. نمرات این شاخص پس از نرمال‌سازی در بازه‌ی صفر تا صد قرار گرفته است.,پیمایش سرمایه اجتماعی (وزارت کشور)
گستره اعتماد اجتماعی,مرز روابط اجتماعی همه افراد یکسان نیست؛ برخی اعتماد، همکاری و رعایت حقوق دیگران را تنها در قبال نزدیکان خود بروز می‌دهند و برخی این رفتار را نسبت به افراد ناآشنا نیز حفظ می‌کنند. هرچه این دایره گسترده‌تر باشد، تعاملات اجتماعی کمتر بر روابط شخصی و بیشتر بر اعتماد عمومی استوار خواهد بود. نمرات این شاخص در بازه صفر تا صد نرمال شده و هر چه بالاتر باشد، به این معنی است که وسعت روابط افراد بیشتر است.,پیمایش سرمایه اجتماعی (وزارت کشور)
ادراک از رواج کلاهبرداری,برداشت مردم از فراگیر بودن رفتارهایی مانند تقلب و کلاهبرداری، مبنای محاسبه این شاخص است. هرچه چنین رفتارهایی رایج‌تر تلقی شوند، می‌توان آن را نشانه‌ای از تضعیف هنجارهای اخلاقی و کاهش اعتماد در روابط اجتماعی دانست. نمرات این شاخص در بازه‌ی صفر تا صد نرمال شده و مقادیر بالاتر بیانگر ادراک بیشتر از رواج این رفتارها در جامعه است.,پیمایش ارزش‌ها و نگرش‌ها
ادراک از قانون‌گرایی مسئولان,از شهروندان خواسته شده میزان پایبندی مسئولان به قانون را ارزیابی کنند. حاصل این ارزیابی، تصویری از نگاه مردم به عملکرد قانون‌مند نهادهای عمومی ارائه می‌دهد. انمراه این شاخص پس از نرمال‌سازی در بازه صفر تا صد قرار گرفته و افزایش مقدار آن نشان می‌دهد مسئولان از دید افکار عمومی،  بیشتر در چارچوب قانون عمل می‌کنند.,پیمایش ارزش‌ها و نگرش‌ها
ادراک از رواج پارتی‌بازی,قضاوت مردم درباره نقش پول، نفوذ و روابط شخصی در دستیابی به حقوق و فرصت‌ها، پایه شکل‌گیری این شاخص است. هرچه افراد بیشتر احساس کنند موفقیت به رانت و پارتی وابسته است، اعتماد به برابری فرصت‌ها و رعایت ضوابط رسمی نیز کاهش می‌یابد. نمرات این شاخص پس از نرمال‌سازی در بازه‌ی صفر تا صد قرار گرفته است.,پیمایش ارزش‌ها و نگرش‌ها
ادراک از عدالت قضایی,نگرش به امکان احقاق حق از مسیرهای قانونی، یکی از معیارهای سنجش اعتماد به نهادهای رسمی است. این شاخص بر اساس ارزیابی مردم از دسترسی به عدالت قضایی محاسبه شده و نشان می‌دهد شهروندان تا چه اندازه نظام قضایی را در حمایت از حقوق افراد کارآمد می‌دانند. نمرات این شاخص پس از نرمال‌سازی در بازه‌ی صفر تا صد قرار گرفته است.,پیمایش ارزش‌ها و نگرش‌ها
میزان ضابطه‌گرایی,پایبندی به قواعد عمومی، زمانی معنا پیدا می‌کند که روابط شخصی بر تصمیم‌ها غلبه نکند. این شاخص از ترکیب پاسخ افراد در سه موقعیت فرضیِ جریمه تخلف، استخدام و اعطای وام محاسبه شده و نشان می‌دهد افراد تا چه اندازه ضابطه را بر رابطه ترجیح می‌دهند. نمرات بالاتر بیانگر عام‌گرایی بیشتر است.,پیمایش سرمایه اجتماعی (مرکز تحقیقات صداوسیما)
سرانه اهدای خون,تعداد واحدهای خون اهدایی به ازای هر هزار نفر جمعیت، مبنای محاسبه این شاخص است. اهدای خون یکی از ملموس‌ترین شکل‌های مشارکت داوطلبانه در تأمین منافع عمومی به شمار می‌رود و افزایش آن می‌تواند بیانگر آمادگی بیشتر شهروندان برای کمک به دیگران و ایفای مسئولیت اجتماعی باشد.,سازمان انتقال خون ایران
مشارکت در انتخابات,درصد افراد واجد شرایطی که در انتخابات رأی داده‌اند، این شاخص را تشکیل می‌دهد. حضور در انتخابات یکی از رایج‌ترین شیوه‌های مشارکت شهروندان در تصمیم‌گیری‌های عمومی است و مقادیر بالاتر از مشارکت مردم در سازوکارهای رسمی اداره جامعه حکایت دارد.,مرکز آمار
افتخار به ملیت,احساس افتخار به هویت ملی، یکی از جلوه‌های تعلق افراد به کشور است. این شاخص از ارزیابی احساس افتخار کردن افراد به هویت ایرانی خود به دست آمده و نشان می‌دهد هویت ملی تا چه اندازه برای شهروندان ارزشمند و افتخارآمیز تلقی می‌شود. این شاخص در بازه‌ی صفر تا صد قرار گرفته است.,پیمایش سرمایه اجتماعی (وزارت کشور)
تمایل به دفاع از کشور,این شاخص از ارزیابی افراد درباره میزان آمادگی مردم برای دفاع داوطلبانه از کشور در شرایط جنگی به دست می‌آید. پاسخ‌ها تنها نگرش شخصی را منعکس نمی‌کنند، بلکه برداشت افراد از روحیه مسئولیت‌پذیری و همبستگی ملی در جامعه را نیز نشان می‌دهند. این شاخص در بازه صفر تا صد نرمال شده و مقادیر بالاتر بیانگر انتظار بیشتر برای مشارکت مردم در دفاع از کشور است.,پیمایش ارزش‌ها و نگرش‌ها
تمایل به مهاجرت,این شاخص از محاسبه درصد افرادی که در صورت فراهم بودن شرایط، مهاجرت دائمی را انتخاب می‌کنند، به دست آمده است. تمایل به ترک کشور، در کنار عوامل اقتصادی و اجتماعی، می‌تواند بازتابی از میزان امید به آینده و احساس تعلق افراد به جامعه و سرزمین خود نیز باشد.,پیمایش سرمایه اجتماعی (وزارت کشور)
امید به اوضاع سیاسی,از افراد خواسته شده پیش‌بینی کنند اوضاع سیاسی کشور در سال‌های آینده بهتر می‌شود، بدتر می‌شود یا تغییری نخواهد کرد. توزیع این پاسخ‌ها، تصویری از میزان امید یا بدبینی نسبت به آینده سیاسی کشور ارائه می‌دهد. غلبه پاسخ‌های خوش‌بینانه، از امید بیشتر به آینده کشور حکایت دارد,پیمایش سرمایه اجتماعی (وزارت کشور)
میزان تورم کل روستایی,نوسانات سطح قیمت کالاها و خدمات مصرفی در مناطق روستایی، تصویری از روند تورم و تغییر هزینه‌های زندگی روستایی در طول زمان ارائه می‌کند. این شاخص نشان می‌دهد هزینه زندگی تا چه اندازه افزایش یا کاهش یافته و یکی از مهم‌ترین معیارهای سنجش قدرت خرید خانوارها به شمار می‌رود. تغییرات آن می‌تواند بر الگوی مصرف، رفاه اقتصادی و توان خانوارها در تأمین نیازهای روزمره تأثیرگذار باشد.,مرکز آمار
