subtopic_name,topic_name,province_name,subtopic_score
باور دینی,معنویت و ارزش‌های دینی,آذربایجان شرقی,10.650242
عمل دینی,معنویت و ارزش‌های دینی,آذربایجان شرقی,7.4335642
هویت و پیوند دینی,معنویت و ارزش‌های دینی,آذربایجان شرقی,32.391609
مشارکت مذهبی,معنویت و ارزش‌های دینی,آذربایجان شرقی,23.969337
سبک زندگی دینی,معنویت و ارزش‌های دینی,آذربایجان شرقی,2.3227732
تشکیل خانواده,زندگی خانوادگی,آذربایجان شرقی,14.449406
فرزندآوری,زندگی خانوادگی,آذربایجان شرقی,14.185217
روابط خانوادگی,زندگی خانوادگی,آذربایجان شرقی,10.799642
پایداری خانواده,زندگی خانوادگی,آذربایجان شرقی,8.4880142
سینما و تلویزیون,مصرف فرهنگی و رسانه‌ای,آذربایجان شرقی,1.3350893
کتاب و مطبوعات,مصرف فرهنگی و رسانه‌ای,آذربایجان شرقی,8.7922297
موسیقی و هنرهای تجسمی,مصرف فرهنگی و رسانه‌ای,آذربایجان شرقی,54.139469
مد و فراغت,مصرف فرهنگی و رسانه‌ای,آذربایجان شرقی,15.728388
اعتماد و روابط اجتماعی,همبستگی و سرمایه اجتماعی,آذربایجان شرقی,9.5377636
هنجارها و سلامت نهادی,همبستگی و سرمایه اجتماعی,آذربایجان شرقی,53.166187
مشارکت و کنش جمعی,همبستگی و سرمایه اجتماعی,آذربایجان شرقی,31.100018
تعلق ملی,همبستگی و سرمایه اجتماعی,آذربایجان شرقی,6.1259375
عدالت آموزشی,دانش و سرمایه انسانی,آذربایجان شرقی,11.084169
فراگیری آموزش,دانش و سرمایه انسانی,آذربایجان شرقی,31.355551
کیفیت آموزشی,دانش و سرمایه انسانی,آذربایجان شرقی,43.409691
الگوی مصرف,معیشت و فرهنگ اقتصادی,آذربایجان شرقی,22.701115
بازار کار و اشتغال,معیشت و فرهنگ اقتصادی,آذربایجان شرقی,50.989544
فرهنگ اقتصادی,معیشت و فرهنگ اقتصادی,آذربایجان شرقی,30.682713
قدرت خرید و معیشت,معیشت و فرهنگ اقتصادی,آذربایجان شرقی,10.474013
برخورداری اقتصادی,معیشت و فرهنگ اقتصادی,آذربایجان شرقی,35.928436
انرژی و خدمات عمومی,رفاه و عدالت اجتماعی,آذربایجان شرقی,1.3979112
حمایت اجتماعی,رفاه و عدالت اجتماعی,آذربایجان شرقی,36.477894
زیرساخت آموزشی,رفاه و عدالت اجتماعی,آذربایجان شرقی,16.976862
سلامت و بهداشت,رفاه و عدالت اجتماعی,آذربایجان شرقی,36.207088
مسکن و سرپناه,رفاه و عدالت اجتماعی,آذربایجان شرقی,9.7733717
جرم و ناامنی,مسائل اجتماعی,آذربایجان شرقی,48.178764
سلامت اجتماعی,مسائل اجتماعی,آذربایجان شرقی,31.575619
سبک زندگی و مصرف,مسائل اجتماعی,آذربایجان شرقی,50.417236
باورها و رفتارهای فرهنگی,مسائل اجتماعی,آذربایجان شرقی,14.973503
روابط و امنیت اجتماعی,مسائل اجتماعی,آذربایجان شرقی,7.9005041
باور دینی,معنویت و ارزش‌های دینی,آذربایجان غربی,40.214664
عمل دینی,معنویت و ارزش‌های دینی,آذربایجان غربی,12.010831
هویت و پیوند دینی,معنویت و ارزش‌های دینی,آذربایجان غربی,.88510561
مشارکت مذهبی,معنویت و ارزش‌های دینی,آذربایجان غربی,2.9012899
سبک زندگی دینی,معنویت و ارزش‌های دینی,آذربایجان غربی,29.479683
تشکیل خانواده,زندگی خانوادگی,آذربایجان غربی,60.022808
فرزندآوری,زندگی خانوادگی,آذربایجان غربی,51.72105
روابط خانوادگی,زندگی خانوادگی,آذربایجان غربی,45.491405
پایداری خانواده,زندگی خانوادگی,آذربایجان غربی,27.210264
سینما و تلویزیون,مصرف فرهنگی و رسانه‌ای,آذربایجان غربی,8.673605
کتاب و مطبوعات,مصرف فرهنگی و رسانه‌ای,آذربایجان غربی,23.608665
موسیقی و هنرهای تجسمی,مصرف فرهنگی و رسانه‌ای,آذربایجان غربی,41.538128
مد و فراغت,مصرف فرهنگی و رسانه‌ای,آذربایجان غربی,21.187199
اعتماد و روابط اجتماعی,همبستگی و سرمایه اجتماعی,آذربایجان غربی,3.2559774
هنجارها و سلامت نهادی,همبستگی و سرمایه اجتماعی,آذربایجان غربی,32.002472
مشارکت و کنش جمعی,همبستگی و سرمایه اجتماعی,آذربایجان غربی,13.013983
تعلق ملی,همبستگی و سرمایه اجتماعی,آذربایجان غربی,1.8480642
عدالت آموزشی,دانش و سرمایه انسانی,آذربایجان غربی,8.5241976
فراگیری آموزش,دانش و سرمایه انسانی,آذربایجان غربی,6.8493271
کیفیت آموزشی,دانش و سرمایه انسانی,آذربایجان غربی,39.121128
الگوی مصرف,معیشت و فرهنگ اقتصادی,آذربایجان غربی,2.5067596
بازار کار و اشتغال,معیشت و فرهنگ اقتصادی,آذربایجان غربی,28.149521
فرهنگ اقتصادی,معیشت و فرهنگ اقتصادی,آذربایجان غربی,14.467897
قدرت خرید و معیشت,معیشت و فرهنگ اقتصادی,آذربایجان غربی,9.5473204
برخورداری اقتصادی,معیشت و فرهنگ اقتصادی,آذربایجان غربی,2.0652232
انرژی و خدمات عمومی,رفاه و عدالت اجتماعی,آذربایجان غربی,16.208651
حمایت اجتماعی,رفاه و عدالت اجتماعی,آذربایجان غربی,31.466785
زیرساخت آموزشی,رفاه و عدالت اجتماعی,آذربایجان غربی,3.4286211
سلامت و بهداشت,رفاه و عدالت اجتماعی,آذربایجان غربی,15.237468
مسکن و سرپناه,رفاه و عدالت اجتماعی,آذربایجان غربی,3.7617102
جرم و ناامنی,مسائل اجتماعی,آذربایجان غربی,43.356377
سلامت اجتماعی,مسائل اجتماعی,آذربایجان غربی,3.5372832
سبک زندگی و مصرف,مسائل اجتماعی,آذربایجان غربی,47.39444
باورها و رفتارهای فرهنگی,مسائل اجتماعی,آذربایجان غربی,4.7976365
روابط و امنیت اجتماعی,مسائل اجتماعی,آذربایجان غربی,41.038158
باور دینی,معنویت و ارزش‌های دینی,اردبیل,11.724798
عمل دینی,معنویت و ارزش‌های دینی,اردبیل,32.906456
هویت و پیوند دینی,معنویت و ارزش‌های دینی,اردبیل,11.262846
مشارکت مذهبی,معنویت و ارزش‌های دینی,اردبیل,11.925035
سبک زندگی دینی,معنویت و ارزش‌های دینی,اردبیل,21.911482
تشکیل خانواده,زندگی خانوادگی,اردبیل,47.962803
فرزندآوری,زندگی خانوادگی,اردبیل,28.104851
روابط خانوادگی,زندگی خانوادگی,اردبیل,25.673178
پایداری خانواده,زندگی خانوادگی,اردبیل,2.2441614
سینما و تلویزیون,مصرف فرهنگی و رسانه‌ای,اردبیل,13.903871
کتاب و مطبوعات,مصرف فرهنگی و رسانه‌ای,اردبیل,2.173476
موسیقی و هنرهای تجسمی,مصرف فرهنگی و رسانه‌ای,اردبیل,4.6944499
مد و فراغت,مصرف فرهنگی و رسانه‌ای,اردبیل,8.4894772
اعتماد و روابط اجتماعی,همبستگی و سرمایه اجتماعی,اردبیل,3.2736502
هنجارها و سلامت نهادی,همبستگی و سرمایه اجتماعی,اردبیل,2.454901
مشارکت و کنش جمعی,همبستگی و سرمایه اجتماعی,اردبیل,26.589794
تعلق ملی,همبستگی و سرمایه اجتماعی,اردبیل,6.1249208
عدالت آموزشی,دانش و سرمایه انسانی,اردبیل,12.971962
فراگیری آموزش,دانش و سرمایه انسانی,اردبیل,5.5555553
کیفیت آموزشی,دانش و سرمایه انسانی,اردبیل,7.710732
الگوی مصرف,معیشت و فرهنگ اقتصادی,اردبیل,5.5935254
بازار کار و اشتغال,معیشت و فرهنگ اقتصادی,اردبیل,27.366554
فرهنگ اقتصادی,معیشت و فرهنگ اقتصادی,اردبیل,2.0144796
قدرت خرید و معیشت,معیشت و فرهنگ اقتصادی,اردبیل,50.157948
برخورداری اقتصادی,معیشت و فرهنگ اقتصادی,اردبیل,28.902689
انرژی و خدمات عمومی,رفاه و عدالت اجتماعی,اردبیل,3.5084364
حمایت اجتماعی,رفاه و عدالت اجتماعی,اردبیل,20.372162
زیرساخت آموزشی,رفاه و عدالت اجتماعی,اردبیل,23.551723
سلامت و بهداشت,رفاه و عدالت اجتماعی,اردبیل,49.498833
مسکن و سرپناه,رفاه و عدالت اجتماعی,اردبیل,25.758377
جرم و ناامنی,مسائل اجتماعی,اردبیل,49.827621
سلامت اجتماعی,مسائل اجتماعی,اردبیل,1.8889635
سبک زندگی و مصرف,مسائل اجتماعی,اردبیل,29.015572
باورها و رفتارهای فرهنگی,مسائل اجتماعی,اردبیل,28.757208
روابط و امنیت اجتماعی,مسائل اجتماعی,اردبیل,19.705938
باور دینی,معنویت و ارزش‌های دینی,اصفهان,27.262156
عمل دینی,معنویت و ارزش‌های دینی,اصفهان,18.104347
هویت و پیوند دینی,معنویت و ارزش‌های دینی,اصفهان,9.9960146
مشارکت مذهبی,معنویت و ارزش‌های دینی,اصفهان,13.574018
سبک زندگی دینی,معنویت و ارزش‌های دینی,اصفهان,2.7329226
تشکیل خانواده,زندگی خانوادگی,اصفهان,9.537837
فرزندآوری,زندگی خانوادگی,اصفهان,10.251514
روابط خانوادگی,زندگی خانوادگی,اصفهان,15.072517
پایداری خانواده,زندگی خانوادگی,اصفهان,.41441613
سینما و تلویزیون,مصرف فرهنگی و رسانه‌ای,اصفهان,3.7498548
کتاب و مطبوعات,مصرف فرهنگی و رسانه‌ای,اصفهان,8.230958
موسیقی و هنرهای تجسمی,مصرف فرهنگی و رسانه‌ای,اصفهان,38.522644
مد و فراغت,مصرف فرهنگی و رسانه‌ای,اصفهان,18.347891
اعتماد و روابط اجتماعی,همبستگی و سرمایه اجتماعی,اصفهان,54.636639
هنجارها و سلامت نهادی,همبستگی و سرمایه اجتماعی,اصفهان,10.144692
مشارکت و کنش جمعی,همبستگی و سرمایه اجتماعی,اصفهان,37.115582
تعلق ملی,همبستگی و سرمایه اجتماعی,اصفهان,14.814042
عدالت آموزشی,دانش و سرمایه انسانی,اصفهان,60.575321
فراگیری آموزش,دانش و سرمایه انسانی,اصفهان,36.261177
کیفیت آموزشی,دانش و سرمایه انسانی,اصفهان,5.1473017
الگوی مصرف,معیشت و فرهنگ اقتصادی,اصفهان,14.767607
بازار کار و اشتغال,معیشت و فرهنگ اقتصادی,اصفهان,7.3441668
فرهنگ اقتصادی,معیشت و فرهنگ اقتصادی,اصفهان,3.6594419
قدرت خرید و معیشت,معیشت و فرهنگ اقتصادی,اصفهان,8.91644
برخورداری اقتصادی,معیشت و فرهنگ اقتصادی,اصفهان,49.433071
انرژی و خدمات عمومی,رفاه و عدالت اجتماعی,اصفهان,22.084202
حمایت اجتماعی,رفاه و عدالت اجتماعی,اصفهان,10.23362
زیرساخت آموزشی,رفاه و عدالت اجتماعی,اصفهان,22.709024
سلامت و بهداشت,رفاه و عدالت اجتماعی,اصفهان,23.277201
مسکن و سرپناه,رفاه و عدالت اجتماعی,اصفهان,41.704281
جرم و ناامنی,مسائل اجتماعی,اصفهان,13.294049
سلامت اجتماعی,مسائل اجتماعی,اصفهان,.8483395
سبک زندگی و مصرف,مسائل اجتماعی,اصفهان,35.972
باورها و رفتارهای فرهنگی,مسائل اجتماعی,اصفهان,43.020489
روابط و امنیت اجتماعی,مسائل اجتماعی,اصفهان,39.18108
باور دینی,معنویت و ارزش‌های دینی,البرز,13.472334
عمل دینی,معنویت و ارزش‌های دینی,البرز,3.1689641
هویت و پیوند دینی,معنویت و ارزش‌های دینی,البرز,.31029642
مشارکت مذهبی,معنویت و ارزش‌های دینی,البرز,9.7293005
سبک زندگی دینی,معنویت و ارزش‌های دینی,البرز,3.1886649
تشکیل خانواده,زندگی خانوادگی,البرز,4.9232063
فرزندآوری,زندگی خانوادگی,البرز,4.569725
روابط خانوادگی,زندگی خانوادگی,البرز,13.956985
پایداری خانواده,زندگی خانوادگی,البرز,25.363892
سینما و تلویزیون,مصرف فرهنگی و رسانه‌ای,البرز,17.624186
کتاب و مطبوعات,مصرف فرهنگی و رسانه‌ای,البرز,34.791355
موسیقی و هنرهای تجسمی,مصرف فرهنگی و رسانه‌ای,البرز,8.3186941
مد و فراغت,مصرف فرهنگی و رسانه‌ای,البرز,17.628023
اعتماد و روابط اجتماعی,همبستگی و سرمایه اجتماعی,البرز,16.165916
هنجارها و سلامت نهادی,همبستگی و سرمایه اجتماعی,البرز,6.264513
مشارکت و کنش جمعی,همبستگی و سرمایه اجتماعی,البرز,1.1957741
تعلق ملی,همبستگی و سرمایه اجتماعی,البرز,18.423584
عدالت آموزشی,دانش و سرمایه انسانی,البرز,8.5770426
فراگیری آموزش,دانش و سرمایه انسانی,البرز,34.340553
کیفیت آموزشی,دانش و سرمایه انسانی,البرز,13.589862
الگوی مصرف,معیشت و فرهنگ اقتصادی,البرز,29.528177
بازار کار و اشتغال,معیشت و فرهنگ اقتصادی,البرز,2.7408104
فرهنگ اقتصادی,معیشت و فرهنگ اقتصادی,البرز,6.3745823
قدرت خرید و معیشت,معیشت و فرهنگ اقتصادی,البرز,39.877956
برخورداری اقتصادی,معیشت و فرهنگ اقتصادی,البرز,10.744204
انرژی و خدمات عمومی,رفاه و عدالت اجتماعی,البرز,47.745251
حمایت اجتماعی,رفاه و عدالت اجتماعی,البرز,2.1134923
زیرساخت آموزشی,رفاه و عدالت اجتماعی,البرز,1.1768802
سلامت و بهداشت,رفاه و عدالت اجتماعی,البرز,1.8188108
مسکن و سرپناه,رفاه و عدالت اجتماعی,البرز,42.017113
جرم و ناامنی,مسائل اجتماعی,البرز,26.561508
سلامت اجتماعی,مسائل اجتماعی,البرز,5.3410516
سبک زندگی و مصرف,مسائل اجتماعی,البرز,6.7143784
باورها و رفتارهای فرهنگی,مسائل اجتماعی,البرز,21.938999
روابط و امنیت اجتماعی,مسائل اجتماعی,البرز,.88464457
باور دینی,معنویت و ارزش‌های دینی,ایلام,8.3129768
عمل دینی,معنویت و ارزش‌های دینی,ایلام,6.3940129
هویت و پیوند دینی,معنویت و ارزش‌های دینی,ایلام,2.0340943
مشارکت مذهبی,معنویت و ارزش‌های دینی,ایلام,13.875755
سبک زندگی دینی,معنویت و ارزش‌های دینی,ایلام,.54591316
تشکیل خانواده,زندگی خانوادگی,ایلام,9.9662323
فرزندآوری,زندگی خانوادگی,ایلام,9.1513033
روابط خانوادگی,زندگی خانوادگی,ایلام,13.175426
پایداری خانواده,زندگی خانوادگی,ایلام,10.392872
سینما و تلویزیون,مصرف فرهنگی و رسانه‌ای,ایلام,12.47576
کتاب و مطبوعات,مصرف فرهنگی و رسانه‌ای,ایلام,2.2516
موسیقی و هنرهای تجسمی,مصرف فرهنگی و رسانه‌ای,ایلام,14.78356
مد و فراغت,مصرف فرهنگی و رسانه‌ای,ایلام,11.352152
اعتماد و روابط اجتماعی,همبستگی و سرمایه اجتماعی,ایلام,32.284306
هنجارها و سلامت نهادی,همبستگی و سرمایه اجتماعی,ایلام,2.7896059
مشارکت و کنش جمعی,همبستگی و سرمایه اجتماعی,ایلام,36.046337
تعلق ملی,همبستگی و سرمایه اجتماعی,ایلام,3.8484306
عدالت آموزشی,دانش و سرمایه انسانی,ایلام,5.7723188
فراگیری آموزش,دانش و سرمایه انسانی,ایلام,22.743938
کیفیت آموزشی,دانش و سرمایه انسانی,ایلام,30.826929
الگوی مصرف,معیشت و فرهنگ اقتصادی,ایلام,1.6571438
بازار کار و اشتغال,معیشت و فرهنگ اقتصادی,ایلام,5.6155663
فرهنگ اقتصادی,معیشت و فرهنگ اقتصادی,ایلام,27.42539
قدرت خرید و معیشت,معیشت و فرهنگ اقتصادی,ایلام,1.9980845
برخورداری اقتصادی,معیشت و فرهنگ اقتصادی,ایلام,9.850565
انرژی و خدمات عمومی,رفاه و عدالت اجتماعی,ایلام,41.161716
حمایت اجتماعی,رفاه و عدالت اجتماعی,ایلام,47.972904
زیرساخت آموزشی,رفاه و عدالت اجتماعی,ایلام,52.443962
سلامت و بهداشت,رفاه و عدالت اجتماعی,ایلام,9.6757994
مسکن و سرپناه,رفاه و عدالت اجتماعی,ایلام,2.4047875
جرم و ناامنی,مسائل اجتماعی,ایلام,5.9835873
سلامت اجتماعی,مسائل اجتماعی,ایلام,7.2883339
سبک زندگی و مصرف,مسائل اجتماعی,ایلام,2.8214076
باورها و رفتارهای فرهنگی,مسائل اجتماعی,ایلام,1.41942
روابط و امنیت اجتماعی,مسائل اجتماعی,ایلام,25.731781
باور دینی,معنویت و ارزش‌های دینی,بوشهر,13.755805
عمل دینی,معنویت و ارزش‌های دینی,بوشهر,3.9875169
هویت و پیوند دینی,معنویت و ارزش‌های دینی,بوشهر,32.145283
مشارکت مذهبی,معنویت و ارزش‌های دینی,بوشهر,15.189788
سبک زندگی دینی,معنویت و ارزش‌های دینی,بوشهر,.53332245
تشکیل خانواده,زندگی خانوادگی,بوشهر,1.6383443
فرزندآوری,زندگی خانوادگی,بوشهر,27.935595
روابط خانوادگی,زندگی خانوادگی,بوشهر,9.3241034
پایداری خانواده,زندگی خانوادگی,بوشهر,13.636613
سینما و تلویزیون,مصرف فرهنگی و رسانه‌ای,بوشهر,2.7898448
کتاب و مطبوعات,مصرف فرهنگی و رسانه‌ای,بوشهر,17.948252
موسیقی و هنرهای تجسمی,مصرف فرهنگی و رسانه‌ای,بوشهر,11.704732
مد و فراغت,مصرف فرهنگی و رسانه‌ای,بوشهر,47.837906
اعتماد و روابط اجتماعی,همبستگی و سرمایه اجتماعی,بوشهر,12.276817
هنجارها و سلامت نهادی,همبستگی و سرمایه اجتماعی,بوشهر,3.6925962
مشارکت و کنش جمعی,همبستگی و سرمایه اجتماعی,بوشهر,23.035727
تعلق ملی,همبستگی و سرمایه اجتماعی,بوشهر,13.713302
عدالت آموزشی,دانش و سرمایه انسانی,بوشهر,63.212593
فراگیری آموزش,دانش و سرمایه انسانی,بوشهر,2.0029583
کیفیت آموزشی,دانش و سرمایه انسانی,بوشهر,4.3697734
الگوی مصرف,معیشت و فرهنگ اقتصادی,بوشهر,31.846741
بازار کار و اشتغال,معیشت و فرهنگ اقتصادی,بوشهر,16.912857
فرهنگ اقتصادی,معیشت و فرهنگ اقتصادی,بوشهر,37.996876
قدرت خرید و معیشت,معیشت و فرهنگ اقتصادی,بوشهر,19.239573
برخورداری اقتصادی,معیشت و فرهنگ اقتصادی,بوشهر,48.931156
انرژی و خدمات عمومی,رفاه و عدالت اجتماعی,بوشهر,4.8951168
حمایت اجتماعی,رفاه و عدالت اجتماعی,بوشهر,12.543312
زیرساخت آموزشی,رفاه و عدالت اجتماعی,بوشهر,26.472742
سلامت و بهداشت,رفاه و عدالت اجتماعی,بوشهر,10.639251
مسکن و سرپناه,رفاه و عدالت اجتماعی,بوشهر,34.764542
جرم و ناامنی,مسائل اجتماعی,بوشهر,48.444031
سلامت اجتماعی,مسائل اجتماعی,بوشهر,16.923199
سبک زندگی و مصرف,مسائل اجتماعی,بوشهر,2.6152582
باورها و رفتارهای فرهنگی,مسائل اجتماعی,بوشهر,13.677597
روابط و امنیت اجتماعی,مسائل اجتماعی,بوشهر,5.5196609
باور دینی,معنویت و ارزش‌های دینی,تهران,1.8134155
عمل دینی,معنویت و ارزش‌های دینی,تهران,10.334689
هویت و پیوند دینی,معنویت و ارزش‌های دینی,تهران,1.2658876
مشارکت مذهبی,معنویت و ارزش‌های دینی,تهران,18.221813
سبک زندگی دینی,معنویت و ارزش‌های دینی,تهران,10.14251
تشکیل خانواده,زندگی خانوادگی,تهران,5.0655556
فرزندآوری,زندگی خانوادگی,تهران,4.3329268
روابط خانوادگی,زندگی خانوادگی,تهران,7.4230819
پایداری خانواده,زندگی خانوادگی,تهران,.6183086
سینما و تلویزیون,مصرف فرهنگی و رسانه‌ای,تهران,55.915192
کتاب و مطبوعات,مصرف فرهنگی و رسانه‌ای,تهران,39.005177
موسیقی و هنرهای تجسمی,مصرف فرهنگی و رسانه‌ای,تهران,45.082329
مد و فراغت,مصرف فرهنگی و رسانه‌ای,تهران,45.987103
اعتماد و روابط اجتماعی,همبستگی و سرمایه اجتماعی,تهران,10.522963
هنجارها و سلامت نهادی,همبستگی و سرمایه اجتماعی,تهران,7.810771
مشارکت و کنش جمعی,همبستگی و سرمایه اجتماعی,تهران,16.452179
تعلق ملی,همبستگی و سرمایه اجتماعی,تهران,9.2575388
عدالت آموزشی,دانش و سرمایه انسانی,تهران,41.730972
فراگیری آموزش,دانش و سرمایه انسانی,تهران,5.314744
کیفیت آموزشی,دانش و سرمایه انسانی,تهران,3.4188299
الگوی مصرف,معیشت و فرهنگ اقتصادی,تهران,14.038071
بازار کار و اشتغال,معیشت و فرهنگ اقتصادی,تهران,30.742336
فرهنگ اقتصادی,معیشت و فرهنگ اقتصادی,تهران,9.5742397
قدرت خرید و معیشت,معیشت و فرهنگ اقتصادی,تهران,25.230318
برخورداری اقتصادی,معیشت و فرهنگ اقتصادی,تهران,3.9011748
انرژی و خدمات عمومی,رفاه و عدالت اجتماعی,تهران,63.673096
حمایت اجتماعی,رفاه و عدالت اجتماعی,تهران,18.319897
زیرساخت آموزشی,رفاه و عدالت اجتماعی,تهران,2.9543128
سلامت و بهداشت,رفاه و عدالت اجتماعی,تهران,28.056103
مسکن و سرپناه,رفاه و عدالت اجتماعی,تهران,.86743361
جرم و ناامنی,مسائل اجتماعی,تهران,2.6913278
سلامت اجتماعی,مسائل اجتماعی,تهران,19.179991
سبک زندگی و مصرف,مسائل اجتماعی,تهران,25.15382
باورها و رفتارهای فرهنگی,مسائل اجتماعی,تهران,43.693382
روابط و امنیت اجتماعی,مسائل اجتماعی,تهران,6.9795322
باور دینی,معنویت و ارزش‌های دینی,خراسان جنوبی,71.735413
عمل دینی,معنویت و ارزش‌های دینی,خراسان جنوبی,60.850842
هویت و پیوند دینی,معنویت و ارزش‌های دینی,خراسان جنوبی,9.7398214
مشارکت مذهبی,معنویت و ارزش‌های دینی,خراسان جنوبی,29.998474
سبک زندگی دینی,معنویت و ارزش‌های دینی,خراسان جنوبی,57.100952
تشکیل خانواده,زندگی خانوادگی,خراسان جنوبی,36.245949
فرزندآوری,زندگی خانوادگی,خراسان جنوبی,20.663136
روابط خانوادگی,زندگی خانوادگی,خراسان جنوبی,46.789173
پایداری خانواده,زندگی خانوادگی,خراسان جنوبی,50.53043
سینما و تلویزیون,مصرف فرهنگی و رسانه‌ای,خراسان جنوبی,30.008135
کتاب و مطبوعات,مصرف فرهنگی و رسانه‌ای,خراسان جنوبی,10.491506
موسیقی و هنرهای تجسمی,مصرف فرهنگی و رسانه‌ای,خراسان جنوبی,.029914351
مد و فراغت,مصرف فرهنگی و رسانه‌ای,خراسان جنوبی,2.8234508
اعتماد و روابط اجتماعی,همبستگی و سرمایه اجتماعی,خراسان جنوبی,51.071735
هنجارها و سلامت نهادی,همبستگی و سرمایه اجتماعی,خراسان جنوبی,24.663715
مشارکت و کنش جمعی,همبستگی و سرمایه اجتماعی,خراسان جنوبی,16.224451
تعلق ملی,همبستگی و سرمایه اجتماعی,خراسان جنوبی,6.0378928
عدالت آموزشی,دانش و سرمایه انسانی,خراسان جنوبی,5.6951661
فراگیری آموزش,دانش و سرمایه انسانی,خراسان جنوبی,8.2660313
کیفیت آموزشی,دانش و سرمایه انسانی,خراسان جنوبی,16.658375
الگوی مصرف,معیشت و فرهنگ اقتصادی,خراسان جنوبی,1.8414026
بازار کار و اشتغال,معیشت و فرهنگ اقتصادی,خراسان جنوبی,40.370312
فرهنگ اقتصادی,معیشت و فرهنگ اقتصادی,خراسان جنوبی,41.45211
قدرت خرید و معیشت,معیشت و فرهنگ اقتصادی,خراسان جنوبی,25.586161
برخورداری اقتصادی,معیشت و فرهنگ اقتصادی,خراسان جنوبی,25.597691
انرژی و خدمات عمومی,رفاه و عدالت اجتماعی,خراسان جنوبی,18.152008
حمایت اجتماعی,رفاه و عدالت اجتماعی,خراسان جنوبی,35.288239
زیرساخت آموزشی,رفاه و عدالت اجتماعی,خراسان جنوبی,.51254022
سلامت و بهداشت,رفاه و عدالت اجتماعی,خراسان جنوبی,57.648479
مسکن و سرپناه,رفاه و عدالت اجتماعی,خراسان جنوبی,44.723713
جرم و ناامنی,مسائل اجتماعی,خراسان جنوبی,2.3327329
سلامت اجتماعی,مسائل اجتماعی,خراسان جنوبی,19.4091
سبک زندگی و مصرف,مسائل اجتماعی,خراسان جنوبی,44.132355
باورها و رفتارهای فرهنگی,مسائل اجتماعی,خراسان جنوبی,8.5237875
روابط و امنیت اجتماعی,مسائل اجتماعی,خراسان جنوبی,31.63522
باور دینی,معنویت و ارزش‌های دینی,خراسان رضوی,19.232243
عمل دینی,معنویت و ارزش‌های دینی,خراسان رضوی,4.9372706
هویت و پیوند دینی,معنویت و ارزش‌های دینی,خراسان رضوی,56.459633
مشارکت مذهبی,معنویت و ارزش‌های دینی,خراسان رضوی,66.037758
سبک زندگی دینی,معنویت و ارزش‌های دینی,خراسان رضوی,10.055169
تشکیل خانواده,زندگی خانوادگی,خراسان رضوی,1.3630325
فرزندآوری,زندگی خانوادگی,خراسان رضوی,47.79533
روابط خانوادگی,زندگی خانوادگی,خراسان رضوی,1.5780325
پایداری خانواده,زندگی خانوادگی,خراسان رضوی,22.940456
سینما و تلویزیون,مصرف فرهنگی و رسانه‌ای,خراسان رضوی,40.586922
کتاب و مطبوعات,مصرف فرهنگی و رسانه‌ای,خراسان رضوی,15.628175
موسیقی و هنرهای تجسمی,مصرف فرهنگی و رسانه‌ای,خراسان رضوی,19.693701
مد و فراغت,مصرف فرهنگی و رسانه‌ای,خراسان رضوی,22.278221
اعتماد و روابط اجتماعی,همبستگی و سرمایه اجتماعی,خراسان رضوی,7.5385332
هنجارها و سلامت نهادی,همبستگی و سرمایه اجتماعی,خراسان رضوی,11.223645
مشارکت و کنش جمعی,همبستگی و سرمایه اجتماعی,خراسان رضوی,6.323945
تعلق ملی,همبستگی و سرمایه اجتماعی,خراسان رضوی,54.20364
عدالت آموزشی,دانش و سرمایه انسانی,خراسان رضوی,16.318584
فراگیری آموزش,دانش و سرمایه انسانی,خراسان رضوی,9.056428
کیفیت آموزشی,دانش و سرمایه انسانی,خراسان رضوی,4.736011
الگوی مصرف,معیشت و فرهنگ اقتصادی,خراسان رضوی,1.6580807
بازار کار و اشتغال,معیشت و فرهنگ اقتصادی,خراسان رضوی,36.218472
فرهنگ اقتصادی,معیشت و فرهنگ اقتصادی,خراسان رضوی,20.70377
قدرت خرید و معیشت,معیشت و فرهنگ اقتصادی,خراسان رضوی,26.900406
برخورداری اقتصادی,معیشت و فرهنگ اقتصادی,خراسان رضوی,9.6306982
انرژی و خدمات عمومی,رفاه و عدالت اجتماعی,خراسان رضوی,17.003326
حمایت اجتماعی,رفاه و عدالت اجتماعی,خراسان رضوی,2.3736253
زیرساخت آموزشی,رفاه و عدالت اجتماعی,خراسان رضوی,24.19882
سلامت و بهداشت,رفاه و عدالت اجتماعی,خراسان رضوی,5.6761789
مسکن و سرپناه,رفاه و عدالت اجتماعی,خراسان رضوی,.34551388
جرم و ناامنی,مسائل اجتماعی,خراسان رضوی,8.5499001
سلامت اجتماعی,مسائل اجتماعی,خراسان رضوی,57.054554
سبک زندگی و مصرف,مسائل اجتماعی,خراسان رضوی,20.959877
باورها و رفتارهای فرهنگی,مسائل اجتماعی,خراسان رضوی,29.905369
روابط و امنیت اجتماعی,مسائل اجتماعی,خراسان رضوی,23.830923
باور دینی,معنویت و ارزش‌های دینی,خراسان شمالی,1.0173266
عمل دینی,معنویت و ارزش‌های دینی,خراسان شمالی,31.725611
هویت و پیوند دینی,معنویت و ارزش‌های دینی,خراسان شمالی,17.780991
مشارکت مذهبی,معنویت و ارزش‌های دینی,خراسان شمالی,49.868225
سبک زندگی دینی,معنویت و ارزش‌های دینی,خراسان شمالی,21.556866
تشکیل خانواده,زندگی خانوادگی,خراسان شمالی,23.034586
فرزندآوری,زندگی خانوادگی,خراسان شمالی,49.647255
روابط خانوادگی,زندگی خانوادگی,خراسان شمالی,5.174119
پایداری خانواده,زندگی خانوادگی,خراسان شمالی,33.038532
سینما و تلویزیون,مصرف فرهنگی و رسانه‌ای,خراسان شمالی,18.08918
کتاب و مطبوعات,مصرف فرهنگی و رسانه‌ای,خراسان شمالی,29.079702
موسیقی و هنرهای تجسمی,مصرف فرهنگی و رسانه‌ای,خراسان شمالی,18.362495
مد و فراغت,مصرف فرهنگی و رسانه‌ای,خراسان شمالی,3.889663
اعتماد و روابط اجتماعی,همبستگی و سرمایه اجتماعی,خراسان شمالی,13.914779
هنجارها و سلامت نهادی,همبستگی و سرمایه اجتماعی,خراسان شمالی,44.778831
مشارکت و کنش جمعی,همبستگی و سرمایه اجتماعی,خراسان شمالی,48.718517
تعلق ملی,همبستگی و سرمایه اجتماعی,خراسان شمالی,41.857594
عدالت آموزشی,دانش و سرمایه انسانی,خراسان شمالی,20.773233
فراگیری آموزش,دانش و سرمایه انسانی,خراسان شمالی,11.686083
کیفیت آموزشی,دانش و سرمایه انسانی,خراسان شمالی,10.283927
الگوی مصرف,معیشت و فرهنگ اقتصادی,خراسان شمالی,25.234058
بازار کار و اشتغال,معیشت و فرهنگ اقتصادی,خراسان شمالی,22.438961
فرهنگ اقتصادی,معیشت و فرهنگ اقتصادی,خراسان شمالی,1.1456212
قدرت خرید و معیشت,معیشت و فرهنگ اقتصادی,خراسان شمالی,12.43807
برخورداری اقتصادی,معیشت و فرهنگ اقتصادی,خراسان شمالی,20.635714
انرژی و خدمات عمومی,رفاه و عدالت اجتماعی,خراسان شمالی,5.4883471
حمایت اجتماعی,رفاه و عدالت اجتماعی,خراسان شمالی,17.089161
زیرساخت آموزشی,رفاه و عدالت اجتماعی,خراسان شمالی,52.153904
سلامت و بهداشت,رفاه و عدالت اجتماعی,خراسان شمالی,30.507648
مسکن و سرپناه,رفاه و عدالت اجتماعی,خراسان شمالی,.015653512
جرم و ناامنی,مسائل اجتماعی,خراسان شمالی,12.874348
سلامت اجتماعی,مسائل اجتماعی,خراسان شمالی,6.3099942
سبک زندگی و مصرف,مسائل اجتماعی,خراسان شمالی,25.298159
باورها و رفتارهای فرهنگی,مسائل اجتماعی,خراسان شمالی,21.946514
روابط و امنیت اجتماعی,مسائل اجتماعی,خراسان شمالی,18.135654
باور دینی,معنویت و ارزش‌های دینی,خوزستان,2.5393891
عمل دینی,معنویت و ارزش‌های دینی,خوزستان,17.230022
هویت و پیوند دینی,معنویت و ارزش‌های دینی,خوزستان,13.250974
مشارکت مذهبی,معنویت و ارزش‌های دینی,خوزستان,38.506191
سبک زندگی دینی,معنویت و ارزش‌های دینی,خوزستان,27.128059
تشکیل خانواده,زندگی خانوادگی,خوزستان,28.269505
فرزندآوری,زندگی خانوادگی,خوزستان,43.94437
روابط خانوادگی,زندگی خانوادگی,خوزستان,3.466615
پایداری خانواده,زندگی خانوادگی,خوزستان,8.8133783
سینما و تلویزیون,مصرف فرهنگی و رسانه‌ای,خوزستان,10.149715
کتاب و مطبوعات,مصرف فرهنگی و رسانه‌ای,خوزستان,9.8053627
موسیقی و هنرهای تجسمی,مصرف فرهنگی و رسانه‌ای,خوزستان,8.9259872
مد و فراغت,مصرف فرهنگی و رسانه‌ای,خوزستان,20.704212
اعتماد و روابط اجتماعی,همبستگی و سرمایه اجتماعی,خوزستان,29.797396
هنجارها و سلامت نهادی,همبستگی و سرمایه اجتماعی,خوزستان,31.290714
مشارکت و کنش جمعی,همبستگی و سرمایه اجتماعی,خوزستان,8.2147141
تعلق ملی,همبستگی و سرمایه اجتماعی,خوزستان,31.480072
عدالت آموزشی,دانش و سرمایه انسانی,خوزستان,5.9167113
فراگیری آموزش,دانش و سرمایه انسانی,خوزستان,11.423586
کیفیت آموزشی,دانش و سرمایه انسانی,خوزستان,6.7915087
الگوی مصرف,معیشت و فرهنگ اقتصادی,خوزستان,3.876148
بازار کار و اشتغال,معیشت و فرهنگ اقتصادی,خوزستان,4.2567949
فرهنگ اقتصادی,معیشت و فرهنگ اقتصادی,خوزستان,29.657782
قدرت خرید و معیشت,معیشت و فرهنگ اقتصادی,خوزستان,2.7609792
برخورداری اقتصادی,معیشت و فرهنگ اقتصادی,خوزستان,37.495556
انرژی و خدمات عمومی,رفاه و عدالت اجتماعی,خوزستان,7.3209376
حمایت اجتماعی,رفاه و عدالت اجتماعی,خوزستان,33.831112
زیرساخت آموزشی,رفاه و عدالت اجتماعی,خوزستان,.59619552
سلامت و بهداشت,رفاه و عدالت اجتماعی,خوزستان,21.985802
مسکن و سرپناه,رفاه و عدالت اجتماعی,خوزستان,38.710941
جرم و ناامنی,مسائل اجتماعی,خوزستان,55.334637
سلامت اجتماعی,مسائل اجتماعی,خوزستان,.64186931
سبک زندگی و مصرف,مسائل اجتماعی,خوزستان,.97041172
باورها و رفتارهای فرهنگی,مسائل اجتماعی,خوزستان,2.2828491
روابط و امنیت اجتماعی,مسائل اجتماعی,خوزستان,6.7369967
باور دینی,معنویت و ارزش‌های دینی,زنجان,44.607738
عمل دینی,معنویت و ارزش‌های دینی,زنجان,57.023163
هویت و پیوند دینی,معنویت و ارزش‌های دینی,زنجان,35.523659
مشارکت مذهبی,معنویت و ارزش‌های دینی,زنجان,1.0407169
سبک زندگی دینی,معنویت و ارزش‌های دینی,زنجان,62.318211
تشکیل خانواده,زندگی خانوادگی,زنجان,24.804813
فرزندآوری,زندگی خانوادگی,زنجان,27.026194
روابط خانوادگی,زندگی خانوادگی,زنجان,41.77356
پایداری خانواده,زندگی خانوادگی,زنجان,27.694538
سینما و تلویزیون,مصرف فرهنگی و رسانه‌ای,زنجان,23.276043
کتاب و مطبوعات,مصرف فرهنگی و رسانه‌ای,زنجان,58.065334
موسیقی و هنرهای تجسمی,مصرف فرهنگی و رسانه‌ای,زنجان,15.797369
مد و فراغت,مصرف فرهنگی و رسانه‌ای,زنجان,20.036654
اعتماد و روابط اجتماعی,همبستگی و سرمایه اجتماعی,زنجان,21.680429
هنجارها و سلامت نهادی,همبستگی و سرمایه اجتماعی,زنجان,32.281746
مشارکت و کنش جمعی,همبستگی و سرمایه اجتماعی,زنجان,29.842516
تعلق ملی,همبستگی و سرمایه اجتماعی,زنجان,25.249083
عدالت آموزشی,دانش و سرمایه انسانی,زنجان,4.0183129
فراگیری آموزش,دانش و سرمایه انسانی,زنجان,43.512783
کیفیت آموزشی,دانش و سرمایه انسانی,زنجان,55.236969
الگوی مصرف,معیشت و فرهنگ اقتصادی,زنجان,18.346779
بازار کار و اشتغال,معیشت و فرهنگ اقتصادی,زنجان,24.912073
فرهنگ اقتصادی,معیشت و فرهنگ اقتصادی,زنجان,19.824572
قدرت خرید و معیشت,معیشت و فرهنگ اقتصادی,زنجان,.64460981
برخورداری اقتصادی,معیشت و فرهنگ اقتصادی,زنجان,4.1913381
انرژی و خدمات عمومی,رفاه و عدالت اجتماعی,زنجان,34.172188
حمایت اجتماعی,رفاه و عدالت اجتماعی,زنجان,18.64715
زیرساخت آموزشی,رفاه و عدالت اجتماعی,زنجان,71.25666
سلامت و بهداشت,رفاه و عدالت اجتماعی,زنجان,19.279825
مسکن و سرپناه,رفاه و عدالت اجتماعی,زنجان,36.544197
جرم و ناامنی,مسائل اجتماعی,زنجان,42.422291
سلامت اجتماعی,مسائل اجتماعی,زنجان,2.6608584
سبک زندگی و مصرف,مسائل اجتماعی,زنجان,46.621593
باورها و رفتارهای فرهنگی,مسائل اجتماعی,زنجان,.14748521
روابط و امنیت اجتماعی,مسائل اجتماعی,زنجان,13.477448
باور دینی,معنویت و ارزش‌های دینی,سمنان,15.255783
عمل دینی,معنویت و ارزش‌های دینی,سمنان,45.452942
هویت و پیوند دینی,معنویت و ارزش‌های دینی,سمنان,21.088839
مشارکت مذهبی,معنویت و ارزش‌های دینی,سمنان,13.171588
سبک زندگی دینی,معنویت و ارزش‌های دینی,سمنان,46.168922
تشکیل خانواده,زندگی خانوادگی,سمنان,8.2815647
فرزندآوری,زندگی خانوادگی,سمنان,23.027292
روابط خانوادگی,زندگی خانوادگی,سمنان,13.5402
پایداری خانواده,زندگی خانوادگی,سمنان,52.583118
سینما و تلویزیون,مصرف فرهنگی و رسانه‌ای,سمنان,9.5610132
کتاب و مطبوعات,مصرف فرهنگی و رسانه‌ای,سمنان,18.552824
موسیقی و هنرهای تجسمی,مصرف فرهنگی و رسانه‌ای,سمنان,44.663494
مد و فراغت,مصرف فرهنگی و رسانه‌ای,سمنان,4.1270623
اعتماد و روابط اجتماعی,همبستگی و سرمایه اجتماعی,سمنان,43.333084
هنجارها و سلامت نهادی,همبستگی و سرمایه اجتماعی,سمنان,44.673553
مشارکت و کنش جمعی,همبستگی و سرمایه اجتماعی,سمنان,25.00411
تعلق ملی,همبستگی و سرمایه اجتماعی,سمنان,4.3737516
عدالت آموزشی,دانش و سرمایه انسانی,سمنان,8.1526136
فراگیری آموزش,دانش و سرمایه انسانی,سمنان,34.82848
کیفیت آموزشی,دانش و سرمایه انسانی,سمنان,10.902655
الگوی مصرف,معیشت و فرهنگ اقتصادی,سمنان,10.455781
بازار کار و اشتغال,معیشت و فرهنگ اقتصادی,سمنان,4.2968912
فرهنگ اقتصادی,معیشت و فرهنگ اقتصادی,سمنان,17.417423
قدرت خرید و معیشت,معیشت و فرهنگ اقتصادی,سمنان,4.9436998
برخورداری اقتصادی,معیشت و فرهنگ اقتصادی,سمنان,62.314259
انرژی و خدمات عمومی,رفاه و عدالت اجتماعی,سمنان,29.550552
حمایت اجتماعی,رفاه و عدالت اجتماعی,سمنان,11.105574
زیرساخت آموزشی,رفاه و عدالت اجتماعی,سمنان,8.6855402
سلامت و بهداشت,رفاه و عدالت اجتماعی,سمنان,5.3283978
مسکن و سرپناه,رفاه و عدالت اجتماعی,سمنان,34.135048
جرم و ناامنی,مسائل اجتماعی,سمنان,7.9554305
سلامت اجتماعی,مسائل اجتماعی,سمنان,30.100536
سبک زندگی و مصرف,مسائل اجتماعی,سمنان,25.05307
باورها و رفتارهای فرهنگی,مسائل اجتماعی,سمنان,42.384548
روابط و امنیت اجتماعی,مسائل اجتماعی,سمنان,8.9180803
باور دینی,معنویت و ارزش‌های دینی,سیستان و بلوچستان,3.0364182
عمل دینی,معنویت و ارزش‌های دینی,سیستان و بلوچستان,66.161232
هویت و پیوند دینی,معنویت و ارزش‌های دینی,سیستان و بلوچستان,50.170174
مشارکت مذهبی,معنویت و ارزش‌های دینی,سیستان و بلوچستان,22.612175
سبک زندگی دینی,معنویت و ارزش‌های دینی,سیستان و بلوچستان,70.189568
تشکیل خانواده,زندگی خانوادگی,سیستان و بلوچستان,27.552635
فرزندآوری,زندگی خانوادگی,سیستان و بلوچستان,47.212585
روابط خانوادگی,زندگی خانوادگی,سیستان و بلوچستان,15.840395
پایداری خانواده,زندگی خانوادگی,سیستان و بلوچستان,72.620506
سینما و تلویزیون,مصرف فرهنگی و رسانه‌ای,سیستان و بلوچستان,9.3143654
کتاب و مطبوعات,مصرف فرهنگی و رسانه‌ای,سیستان و بلوچستان,1.5560948
موسیقی و هنرهای تجسمی,مصرف فرهنگی و رسانه‌ای,سیستان و بلوچستان,17.614391
مد و فراغت,مصرف فرهنگی و رسانه‌ای,سیستان و بلوچستان,7.6806827
اعتماد و روابط اجتماعی,همبستگی و سرمایه اجتماعی,سیستان و بلوچستان,12.899935
هنجارها و سلامت نهادی,همبستگی و سرمایه اجتماعی,سیستان و بلوچستان,30.81102
مشارکت و کنش جمعی,همبستگی و سرمایه اجتماعی,سیستان و بلوچستان,4.3004355
تعلق ملی,همبستگی و سرمایه اجتماعی,سیستان و بلوچستان,31.667208
عدالت آموزشی,دانش و سرمایه انسانی,سیستان و بلوچستان,9.2737579
فراگیری آموزش,دانش و سرمایه انسانی,سیستان و بلوچستان,.52920067
کیفیت آموزشی,دانش و سرمایه انسانی,سیستان و بلوچستان,.96698165
الگوی مصرف,معیشت و فرهنگ اقتصادی,سیستان و بلوچستان,11.291536
بازار کار و اشتغال,معیشت و فرهنگ اقتصادی,سیستان و بلوچستان,5.8617568
فرهنگ اقتصادی,معیشت و فرهنگ اقتصادی,سیستان و بلوچستان,2.0803328
قدرت خرید و معیشت,معیشت و فرهنگ اقتصادی,سیستان و بلوچستان,5.8254375
برخورداری اقتصادی,معیشت و فرهنگ اقتصادی,سیستان و بلوچستان,5.2865281
انرژی و خدمات عمومی,رفاه و عدالت اجتماعی,سیستان و بلوچستان,.29763198
حمایت اجتماعی,رفاه و عدالت اجتماعی,سیستان و بلوچستان,24.493341
زیرساخت آموزشی,رفاه و عدالت اجتماعی,سیستان و بلوچستان,21.237009
سلامت و بهداشت,رفاه و عدالت اجتماعی,سیستان و بلوچستان,4.730689
مسکن و سرپناه,رفاه و عدالت اجتماعی,سیستان و بلوچستان,.6234467
جرم و ناامنی,مسائل اجتماعی,سیستان و بلوچستان,1.0122775
سلامت اجتماعی,مسائل اجتماعی,سیستان و بلوچستان,71.027596
سبک زندگی و مصرف,مسائل اجتماعی,سیستان و بلوچستان,29.333954
باورها و رفتارهای فرهنگی,مسائل اجتماعی,سیستان و بلوچستان,16.130522
روابط و امنیت اجتماعی,مسائل اجتماعی,سیستان و بلوچستان,2.2180412
باور دینی,معنویت و ارزش‌های دینی,فارس,6.9478288
عمل دینی,معنویت و ارزش‌های دینی,فارس,6.8563828
هویت و پیوند دینی,معنویت و ارزش‌های دینی,فارس,20.206266
مشارکت مذهبی,معنویت و ارزش‌های دینی,فارس,7.2721281
سبک زندگی دینی,معنویت و ارزش‌های دینی,فارس,5.9113483
تشکیل خانواده,زندگی خانوادگی,فارس,4.5774136
فرزندآوری,زندگی خانوادگی,فارس,2.8707356
روابط خانوادگی,زندگی خانوادگی,فارس,18.340408
پایداری خانواده,زندگی خانوادگی,فارس,63.958061
سینما و تلویزیون,مصرف فرهنگی و رسانه‌ای,فارس,51.166203
کتاب و مطبوعات,مصرف فرهنگی و رسانه‌ای,فارس,32.591724
موسیقی و هنرهای تجسمی,مصرف فرهنگی و رسانه‌ای,فارس,19.187016
مد و فراغت,مصرف فرهنگی و رسانه‌ای,فارس,4.2960181
اعتماد و روابط اجتماعی,همبستگی و سرمایه اجتماعی,فارس,3.5774305
هنجارها و سلامت نهادی,همبستگی و سرمایه اجتماعی,فارس,10.315165
مشارکت و کنش جمعی,همبستگی و سرمایه اجتماعی,فارس,32.933838
تعلق ملی,همبستگی و سرمایه اجتماعی,فارس,2.3655136
عدالت آموزشی,دانش و سرمایه انسانی,فارس,55.789368
فراگیری آموزش,دانش و سرمایه انسانی,فارس,35.24612
کیفیت آموزشی,دانش و سرمایه انسانی,فارس,23.147114
الگوی مصرف,معیشت و فرهنگ اقتصادی,فارس,1.3012125
بازار کار و اشتغال,معیشت و فرهنگ اقتصادی,فارس,19.152611
فرهنگ اقتصادی,معیشت و فرهنگ اقتصادی,فارس,11.344102
قدرت خرید و معیشت,معیشت و فرهنگ اقتصادی,فارس,1.7767524
برخورداری اقتصادی,معیشت و فرهنگ اقتصادی,فارس,29.050486
انرژی و خدمات عمومی,رفاه و عدالت اجتماعی,فارس,39.85957
حمایت اجتماعی,رفاه و عدالت اجتماعی,فارس,30.430864
زیرساخت آموزشی,رفاه و عدالت اجتماعی,فارس,48.934349
سلامت و بهداشت,رفاه و عدالت اجتماعی,فارس,44.981541
مسکن و سرپناه,رفاه و عدالت اجتماعی,فارس,25.838139
جرم و ناامنی,مسائل اجتماعی,فارس,23.8027
سلامت اجتماعی,مسائل اجتماعی,فارس,20.409241
سبک زندگی و مصرف,مسائل اجتماعی,فارس,17.184286
باورها و رفتارهای فرهنگی,مسائل اجتماعی,فارس,1.9791491
روابط و امنیت اجتماعی,مسائل اجتماعی,فارس,51.399361
باور دینی,معنویت و ارزش‌های دینی,قزوین,20.187504
عمل دینی,معنویت و ارزش‌های دینی,قزوین,20.553453
هویت و پیوند دینی,معنویت و ارزش‌های دینی,قزوین,15.337556
مشارکت مذهبی,معنویت و ارزش‌های دینی,قزوین,24.616245
سبک زندگی دینی,معنویت و ارزش‌های دینی,قزوین,13.745057
تشکیل خانواده,زندگی خانوادگی,قزوین,2.5754054
فرزندآوری,زندگی خانوادگی,قزوین,1.3444687
روابط خانوادگی,زندگی خانوادگی,قزوین,30.09676
پایداری خانواده,زندگی خانوادگی,قزوین,28.916897
سینما و تلویزیون,مصرف فرهنگی و رسانه‌ای,قزوین,8.9235163
کتاب و مطبوعات,مصرف فرهنگی و رسانه‌ای,قزوین,18.608744
موسیقی و هنرهای تجسمی,مصرف فرهنگی و رسانه‌ای,قزوین,1.5119154
مد و فراغت,مصرف فرهنگی و رسانه‌ای,قزوین,8.043252
اعتماد و روابط اجتماعی,همبستگی و سرمایه اجتماعی,قزوین,5.5783472
هنجارها و سلامت نهادی,همبستگی و سرمایه اجتماعی,قزوین,.32337305
مشارکت و کنش جمعی,همبستگی و سرمایه اجتماعی,قزوین,28.970932
تعلق ملی,همبستگی و سرمایه اجتماعی,قزوین,21.959455
عدالت آموزشی,دانش و سرمایه انسانی,قزوین,13.407732
فراگیری آموزش,دانش و سرمایه انسانی,قزوین,61.511459
کیفیت آموزشی,دانش و سرمایه انسانی,قزوین,5.1333117
الگوی مصرف,معیشت و فرهنگ اقتصادی,قزوین,3.1927512
بازار کار و اشتغال,معیشت و فرهنگ اقتصادی,قزوین,32.19492
فرهنگ اقتصادی,معیشت و فرهنگ اقتصادی,قزوین,38.919773
قدرت خرید و معیشت,معیشت و فرهنگ اقتصادی,قزوین,13.760305
برخورداری اقتصادی,معیشت و فرهنگ اقتصادی,قزوین,39.559589
انرژی و خدمات عمومی,رفاه و عدالت اجتماعی,قزوین,20.187941
حمایت اجتماعی,رفاه و عدالت اجتماعی,قزوین,34.389599
زیرساخت آموزشی,رفاه و عدالت اجتماعی,قزوین,38.260193
سلامت و بهداشت,رفاه و عدالت اجتماعی,قزوین,16.277594
مسکن و سرپناه,رفاه و عدالت اجتماعی,قزوین,16.560835
جرم و ناامنی,مسائل اجتماعی,قزوین,11.866189
سلامت اجتماعی,مسائل اجتماعی,قزوین,27.084583
سبک زندگی و مصرف,مسائل اجتماعی,قزوین,1.7312224
باورها و رفتارهای فرهنگی,مسائل اجتماعی,قزوین,51.226414
روابط و امنیت اجتماعی,مسائل اجتماعی,قزوین,7.4046226
باور دینی,معنویت و ارزش‌های دینی,قم,28.074636
عمل دینی,معنویت و ارزش‌های دینی,قم,43.884647
هویت و پیوند دینی,معنویت و ارزش‌های دینی,قم,56.050686
مشارکت مذهبی,معنویت و ارزش‌های دینی,قم,48.488049
سبک زندگی دینی,معنویت و ارزش‌های دینی,قم,67.209686
تشکیل خانواده,زندگی خانوادگی,قم,57.915539
فرزندآوری,زندگی خانوادگی,قم,66.590942
روابط خانوادگی,زندگی خانوادگی,قم,15.114331
پایداری خانواده,زندگی خانوادگی,قم,.095594518
سینما و تلویزیون,مصرف فرهنگی و رسانه‌ای,قم,18.616211
کتاب و مطبوعات,مصرف فرهنگی و رسانه‌ای,قم,6.8159776
موسیقی و هنرهای تجسمی,مصرف فرهنگی و رسانه‌ای,قم,.33532491
مد و فراغت,مصرف فرهنگی و رسانه‌ای,قم,26.775509
اعتماد و روابط اجتماعی,همبستگی و سرمایه اجتماعی,قم,20.539795
هنجارها و سلامت نهادی,همبستگی و سرمایه اجتماعی,قم,69.630089
مشارکت و کنش جمعی,همبستگی و سرمایه اجتماعی,قم,64.350227
تعلق ملی,همبستگی و سرمایه اجتماعی,قم,8.7350807
عدالت آموزشی,دانش و سرمایه انسانی,قم,50.26078
فراگیری آموزش,دانش و سرمایه انسانی,قم,14.466595
کیفیت آموزشی,دانش و سرمایه انسانی,قم,2.2318425
الگوی مصرف,معیشت و فرهنگ اقتصادی,قم,22.782974
بازار کار و اشتغال,معیشت و فرهنگ اقتصادی,قم,16.505976
فرهنگ اقتصادی,معیشت و فرهنگ اقتصادی,قم,30.143747
قدرت خرید و معیشت,معیشت و فرهنگ اقتصادی,قم,20.626801
برخورداری اقتصادی,معیشت و فرهنگ اقتصادی,قم,15.308586
انرژی و خدمات عمومی,رفاه و عدالت اجتماعی,قم,14.218718
حمایت اجتماعی,رفاه و عدالت اجتماعی,قم,1.1603146
زیرساخت آموزشی,رفاه و عدالت اجتماعی,قم,11.496716
سلامت و بهداشت,رفاه و عدالت اجتماعی,قم,5.0732207
مسکن و سرپناه,رفاه و عدالت اجتماعی,قم,32.700554
جرم و ناامنی,مسائل اجتماعی,قم,7.1537962
سلامت اجتماعی,مسائل اجتماعی,قم,11.478721
سبک زندگی و مصرف,مسائل اجتماعی,قم,32.585258
باورها و رفتارهای فرهنگی,مسائل اجتماعی,قم,10.863884
روابط و امنیت اجتماعی,مسائل اجتماعی,قم,10.353656
باور دینی,معنویت و ارزش‌های دینی,کردستان,14.126654
عمل دینی,معنویت و ارزش‌های دینی,کردستان,7.0731907
هویت و پیوند دینی,معنویت و ارزش‌های دینی,کردستان,1.7834574
مشارکت مذهبی,معنویت و ارزش‌های دینی,کردستان,1.2524706
سبک زندگی دینی,معنویت و ارزش‌های دینی,کردستان,2.8184474
تشکیل خانواده,زندگی خانوادگی,کردستان,40.713062
فرزندآوری,زندگی خانوادگی,کردستان,19.872362
روابط خانوادگی,زندگی خانوادگی,کردستان,.58397657
پایداری خانواده,زندگی خانوادگی,کردستان,2.6483951
سینما و تلویزیون,مصرف فرهنگی و رسانه‌ای,کردستان,3.7397449
کتاب و مطبوعات,مصرف فرهنگی و رسانه‌ای,کردستان,28.743326
موسیقی و هنرهای تجسمی,مصرف فرهنگی و رسانه‌ای,کردستان,.34835079
مد و فراغت,مصرف فرهنگی و رسانه‌ای,کردستان,2.959461
اعتماد و روابط اجتماعی,همبستگی و سرمایه اجتماعی,کردستان,2.3275692
هنجارها و سلامت نهادی,همبستگی و سرمایه اجتماعی,کردستان,41.183899
مشارکت و کنش جمعی,همبستگی و سرمایه اجتماعی,کردستان,1.6967021
تعلق ملی,همبستگی و سرمایه اجتماعی,کردستان,1.8511642
عدالت آموزشی,دانش و سرمایه انسانی,کردستان,1.2887962
فراگیری آموزش,دانش و سرمایه انسانی,کردستان,9.4809971
کیفیت آموزشی,دانش و سرمایه انسانی,کردستان,64.329826
الگوی مصرف,معیشت و فرهنگ اقتصادی,کردستان,4.1919885
بازار کار و اشتغال,معیشت و فرهنگ اقتصادی,کردستان,4.8758459
فرهنگ اقتصادی,معیشت و فرهنگ اقتصادی,کردستان,.43746951
قدرت خرید و معیشت,معیشت و فرهنگ اقتصادی,کردستان,10.37349
برخورداری اقتصادی,معیشت و فرهنگ اقتصادی,کردستان,1.3941984
انرژی و خدمات عمومی,رفاه و عدالت اجتماعی,کردستان,48.877953
حمایت اجتماعی,رفاه و عدالت اجتماعی,کردستان,3.9991846
زیرساخت آموزشی,رفاه و عدالت اجتماعی,کردستان,21.40715
سلامت و بهداشت,رفاه و عدالت اجتماعی,کردستان,18.617357
مسکن و سرپناه,رفاه و عدالت اجتماعی,کردستان,18.80735
جرم و ناامنی,مسائل اجتماعی,کردستان,44.561672
سلامت اجتماعی,مسائل اجتماعی,کردستان,1.4146687
سبک زندگی و مصرف,مسائل اجتماعی,کردستان,9.6526155
باورها و رفتارهای فرهنگی,مسائل اجتماعی,کردستان,21.841284
روابط و امنیت اجتماعی,مسائل اجتماعی,کردستان,26.179583
باور دینی,معنویت و ارزش‌های دینی,کرمان,37.358063
عمل دینی,معنویت و ارزش‌های دینی,کرمان,26.578367
هویت و پیوند دینی,معنویت و ارزش‌های دینی,کرمان,29.887646
مشارکت مذهبی,معنویت و ارزش‌های دینی,کرمان,59.268925
سبک زندگی دینی,معنویت و ارزش‌های دینی,کرمان,14.512795
تشکیل خانواده,زندگی خانوادگی,کرمان,1.3731717
فرزندآوری,زندگی خانوادگی,کرمان,19.602409
روابط خانوادگی,زندگی خانوادگی,کرمان,17.557131
پایداری خانواده,زندگی خانوادگی,کرمان,5.5484624
سینما و تلویزیون,مصرف فرهنگی و رسانه‌ای,کرمان,21.132483
کتاب و مطبوعات,مصرف فرهنگی و رسانه‌ای,کرمان,6.3322859
موسیقی و هنرهای تجسمی,مصرف فرهنگی و رسانه‌ای,کرمان,7.8037004
مد و فراغت,مصرف فرهنگی و رسانه‌ای,کرمان,16.959501
اعتماد و روابط اجتماعی,همبستگی و سرمایه اجتماعی,کرمان,9.5641613
هنجارها و سلامت نهادی,همبستگی و سرمایه اجتماعی,کرمان,50.606197
مشارکت و کنش جمعی,همبستگی و سرمایه اجتماعی,کرمان,.6703245
تعلق ملی,همبستگی و سرمایه اجتماعی,کرمان,27.813425
عدالت آموزشی,دانش و سرمایه انسانی,کرمان,1.8648423
فراگیری آموزش,دانش و سرمایه انسانی,کرمان,.34994757
کیفیت آموزشی,دانش و سرمایه انسانی,کرمان,12.281282
الگوی مصرف,معیشت و فرهنگ اقتصادی,کرمان,12.996088
بازار کار و اشتغال,معیشت و فرهنگ اقتصادی,کرمان,6.9514861
فرهنگ اقتصادی,معیشت و فرهنگ اقتصادی,کرمان,27.720722
قدرت خرید و معیشت,معیشت و فرهنگ اقتصادی,کرمان,16.662102
برخورداری اقتصادی,معیشت و فرهنگ اقتصادی,کرمان,76.511154
انرژی و خدمات عمومی,رفاه و عدالت اجتماعی,کرمان,7.0105276
حمایت اجتماعی,رفاه و عدالت اجتماعی,کرمان,1.5825757
زیرساخت آموزشی,رفاه و عدالت اجتماعی,کرمان,1.36713
سلامت و بهداشت,رفاه و عدالت اجتماعی,کرمان,.32529578
مسکن و سرپناه,رفاه و عدالت اجتماعی,کرمان,40.522747
جرم و ناامنی,مسائل اجتماعی,کرمان,2.575227
سلامت اجتماعی,مسائل اجتماعی,کرمان,6.8693318
سبک زندگی و مصرف,مسائل اجتماعی,کرمان,1.8220565
باورها و رفتارهای فرهنگی,مسائل اجتماعی,کرمان,18.644585
روابط و امنیت اجتماعی,مسائل اجتماعی,کرمان,44.128796
باور دینی,معنویت و ارزش‌های دینی,کرمانشاه,13.477031
عمل دینی,معنویت و ارزش‌های دینی,کرمانشاه,8.2717257
هویت و پیوند دینی,معنویت و ارزش‌های دینی,کرمانشاه,9.9674664
مشارکت مذهبی,معنویت و ارزش‌های دینی,کرمانشاه,15.730268
سبک زندگی دینی,معنویت و ارزش‌های دینی,کرمانشاه,11.330652
تشکیل خانواده,زندگی خانوادگی,کرمانشاه,13.108734
فرزندآوری,زندگی خانوادگی,کرمانشاه,2.9435875
روابط خانوادگی,زندگی خانوادگی,کرمانشاه,24.654366
پایداری خانواده,زندگی خانوادگی,کرمانشاه,4.7837291
سینما و تلویزیون,مصرف فرهنگی و رسانه‌ای,کرمانشاه,32.314072
کتاب و مطبوعات,مصرف فرهنگی و رسانه‌ای,کرمانشاه,5.6390648
موسیقی و هنرهای تجسمی,مصرف فرهنگی و رسانه‌ای,کرمانشاه,15.804368
مد و فراغت,مصرف فرهنگی و رسانه‌ای,کرمانشاه,8.065918
اعتماد و روابط اجتماعی,همبستگی و سرمایه اجتماعی,کرمانشاه,.3970418
هنجارها و سلامت نهادی,همبستگی و سرمایه اجتماعی,کرمانشاه,11.575093
مشارکت و کنش جمعی,همبستگی و سرمایه اجتماعی,کرمانشاه,6.7818236
تعلق ملی,همبستگی و سرمایه اجتماعی,کرمانشاه,8.4338217
عدالت آموزشی,دانش و سرمایه انسانی,کرمانشاه,39.276131
فراگیری آموزش,دانش و سرمایه انسانی,کرمانشاه,5.8493242
کیفیت آموزشی,دانش و سرمایه انسانی,کرمانشاه,41.662914
الگوی مصرف,معیشت و فرهنگ اقتصادی,کرمانشاه,18.578001
بازار کار و اشتغال,معیشت و فرهنگ اقتصادی,کرمانشاه,2.4450369
فرهنگ اقتصادی,معیشت و فرهنگ اقتصادی,کرمانشاه,23.677483
قدرت خرید و معیشت,معیشت و فرهنگ اقتصادی,کرمانشاه,30.803577
برخورداری اقتصادی,معیشت و فرهنگ اقتصادی,کرمانشاه,7.9415746
انرژی و خدمات عمومی,رفاه و عدالت اجتماعی,کرمانشاه,33.685459
حمایت اجتماعی,رفاه و عدالت اجتماعی,کرمانشاه,35.331295
زیرساخت آموزشی,رفاه و عدالت اجتماعی,کرمانشاه,8.533823
سلامت و بهداشت,رفاه و عدالت اجتماعی,کرمانشاه,42.614086
مسکن و سرپناه,رفاه و عدالت اجتماعی,کرمانشاه,34.963455
جرم و ناامنی,مسائل اجتماعی,کرمانشاه,38.635971
سلامت اجتماعی,مسائل اجتماعی,کرمانشاه,21.310022
سبک زندگی و مصرف,مسائل اجتماعی,کرمانشاه,13.709642
باورها و رفتارهای فرهنگی,مسائل اجتماعی,کرمانشاه,10.274282
روابط و امنیت اجتماعی,مسائل اجتماعی,کرمانشاه,6.1057234
باور دینی,معنویت و ارزش‌های دینی,کهگیلویه و بویراحمد,44.46006
عمل دینی,معنویت و ارزش‌های دینی,کهگیلویه و بویراحمد,14.437655
هویت و پیوند دینی,معنویت و ارزش‌های دینی,کهگیلویه و بویراحمد,10.194153
مشارکت مذهبی,معنویت و ارزش‌های دینی,کهگیلویه و بویراحمد,48.377316
سبک زندگی دینی,معنویت و ارزش‌های دینی,کهگیلویه و بویراحمد,17.287457
تشکیل خانواده,زندگی خانوادگی,کهگیلویه و بویراحمد,19.102839
فرزندآوری,زندگی خانوادگی,کهگیلویه و بویراحمد,39.411007
روابط خانوادگی,زندگی خانوادگی,کهگیلویه و بویراحمد,56.138454
پایداری خانواده,زندگی خانوادگی,کهگیلویه و بویراحمد,13.235633
سینما و تلویزیون,مصرف فرهنگی و رسانه‌ای,کهگیلویه و بویراحمد,6.5653419
کتاب و مطبوعات,مصرف فرهنگی و رسانه‌ای,کهگیلویه و بویراحمد,40.81041
موسیقی و هنرهای تجسمی,مصرف فرهنگی و رسانه‌ای,کهگیلویه و بویراحمد,3.1108363
مد و فراغت,مصرف فرهنگی و رسانه‌ای,کهگیلویه و بویراحمد,8.3915491
اعتماد و روابط اجتماعی,همبستگی و سرمایه اجتماعی,کهگیلویه و بویراحمد,27.008921
هنجارها و سلامت نهادی,همبستگی و سرمایه اجتماعی,کهگیلویه و بویراحمد,39.176666
مشارکت و کنش جمعی,همبستگی و سرمایه اجتماعی,کهگیلویه و بویراحمد,23.004406
تعلق ملی,همبستگی و سرمایه اجتماعی,کهگیلویه و بویراحمد,12.093334
عدالت آموزشی,دانش و سرمایه انسانی,کهگیلویه و بویراحمد,42.836815
فراگیری آموزش,دانش و سرمایه انسانی,کهگیلویه و بویراحمد,6.9770269
کیفیت آموزشی,دانش و سرمایه انسانی,کهگیلویه و بویراحمد,2.6304588
الگوی مصرف,معیشت و فرهنگ اقتصادی,کهگیلویه و بویراحمد,2.2234554
بازار کار و اشتغال,معیشت و فرهنگ اقتصادی,کهگیلویه و بویراحمد,8.2786818
فرهنگ اقتصادی,معیشت و فرهنگ اقتصادی,کهگیلویه و بویراحمد,3.775197
قدرت خرید و معیشت,معیشت و فرهنگ اقتصادی,کهگیلویه و بویراحمد,46.397236
برخورداری اقتصادی,معیشت و فرهنگ اقتصادی,کهگیلویه و بویراحمد,21.06917
انرژی و خدمات عمومی,رفاه و عدالت اجتماعی,کهگیلویه و بویراحمد,20.641541
حمایت اجتماعی,رفاه و عدالت اجتماعی,کهگیلویه و بویراحمد,14.838759
زیرساخت آموزشی,رفاه و عدالت اجتماعی,کهگیلویه و بویراحمد,3.6844015
سلامت و بهداشت,رفاه و عدالت اجتماعی,کهگیلویه و بویراحمد,37.541832
مسکن و سرپناه,رفاه و عدالت اجتماعی,کهگیلویه و بویراحمد,41.52512
جرم و ناامنی,مسائل اجتماعی,کهگیلویه و بویراحمد,2.5624118
سلامت اجتماعی,مسائل اجتماعی,کهگیلویه و بویراحمد,13.395864
سبک زندگی و مصرف,مسائل اجتماعی,کهگیلویه و بویراحمد,3.2713678
باورها و رفتارهای فرهنگی,مسائل اجتماعی,کهگیلویه و بویراحمد,.12083606
روابط و امنیت اجتماعی,مسائل اجتماعی,کهگیلویه و بویراحمد,12.237091
باور دینی,معنویت و ارزش‌های دینی,لرستان,24.957178
عمل دینی,معنویت و ارزش‌های دینی,لرستان,13.266977
هویت و پیوند دینی,معنویت و ارزش‌های دینی,لرستان,52.304581
مشارکت مذهبی,معنویت و ارزش‌های دینی,لرستان,13.713185
سبک زندگی دینی,معنویت و ارزش‌های دینی,لرستان,22.245974
تشکیل خانواده,زندگی خانوادگی,لرستان,22.189846
فرزندآوری,زندگی خانوادگی,لرستان,39.382614
روابط خانوادگی,زندگی خانوادگی,لرستان,45.494637
پایداری خانواده,زندگی خانوادگی,لرستان,10.179232
سینما و تلویزیون,مصرف فرهنگی و رسانه‌ای,لرستان,6.0720534
کتاب و مطبوعات,مصرف فرهنگی و رسانه‌ای,لرستان,7.9023018
موسیقی و هنرهای تجسمی,مصرف فرهنگی و رسانه‌ای,لرستان,12.752544
مد و فراغت,مصرف فرهنگی و رسانه‌ای,لرستان,9.4024315
اعتماد و روابط اجتماعی,همبستگی و سرمایه اجتماعی,لرستان,7.3373694
هنجارها و سلامت نهادی,همبستگی و سرمایه اجتماعی,لرستان,9.320755
مشارکت و کنش جمعی,همبستگی و سرمایه اجتماعی,لرستان,12.086359
تعلق ملی,همبستگی و سرمایه اجتماعی,لرستان,10.866698
عدالت آموزشی,دانش و سرمایه انسانی,لرستان,1.0657434
فراگیری آموزش,دانش و سرمایه انسانی,لرستان,15.664933
کیفیت آموزشی,دانش و سرمایه انسانی,لرستان,18.809921
الگوی مصرف,معیشت و فرهنگ اقتصادی,لرستان,4.8672428
بازار کار و اشتغال,معیشت و فرهنگ اقتصادی,لرستان,7.991313
فرهنگ اقتصادی,معیشت و فرهنگ اقتصادی,لرستان,18.839527
قدرت خرید و معیشت,معیشت و فرهنگ اقتصادی,لرستان,25.961956
برخورداری اقتصادی,معیشت و فرهنگ اقتصادی,لرستان,6.7511835
انرژی و خدمات عمومی,رفاه و عدالت اجتماعی,لرستان,1.3296717
حمایت اجتماعی,رفاه و عدالت اجتماعی,لرستان,35.715771
زیرساخت آموزشی,رفاه و عدالت اجتماعی,لرستان,12.385231
سلامت و بهداشت,رفاه و عدالت اجتماعی,لرستان,33.460545
مسکن و سرپناه,رفاه و عدالت اجتماعی,لرستان,67.981941
جرم و ناامنی,مسائل اجتماعی,لرستان,.27099633
سلامت اجتماعی,مسائل اجتماعی,لرستان,17.188734
سبک زندگی و مصرف,مسائل اجتماعی,لرستان,17.894049
باورها و رفتارهای فرهنگی,مسائل اجتماعی,لرستان,25.647013
روابط و امنیت اجتماعی,مسائل اجتماعی,لرستان,31.79266
باور دینی,معنویت و ارزش‌های دینی,مازندران,31.164562
عمل دینی,معنویت و ارزش‌های دینی,مازندران,31.317467
هویت و پیوند دینی,معنویت و ارزش‌های دینی,مازندران,16.975208
مشارکت مذهبی,معنویت و ارزش‌های دینی,مازندران,29.058949
سبک زندگی دینی,معنویت و ارزش‌های دینی,مازندران,37.74408
تشکیل خانواده,زندگی خانوادگی,مازندران,15.625235
فرزندآوری,زندگی خانوادگی,مازندران,2.0019574
روابط خانوادگی,زندگی خانوادگی,مازندران,50.157936
پایداری خانواده,زندگی خانوادگی,مازندران,25.121098
سینما و تلویزیون,مصرف فرهنگی و رسانه‌ای,مازندران,39.748356
کتاب و مطبوعات,مصرف فرهنگی و رسانه‌ای,مازندران,34.387558
موسیقی و هنرهای تجسمی,مصرف فرهنگی و رسانه‌ای,مازندران,35.926178
مد و فراغت,مصرف فرهنگی و رسانه‌ای,مازندران,46.66835
اعتماد و روابط اجتماعی,همبستگی و سرمایه اجتماعی,مازندران,23.502148
هنجارها و سلامت نهادی,همبستگی و سرمایه اجتماعی,مازندران,16.68651
مشارکت و کنش جمعی,همبستگی و سرمایه اجتماعی,مازندران,11.776367
تعلق ملی,همبستگی و سرمایه اجتماعی,مازندران,24.669649
عدالت آموزشی,دانش و سرمایه انسانی,مازندران,11.698517
فراگیری آموزش,دانش و سرمایه انسانی,مازندران,42.751625
کیفیت آموزشی,دانش و سرمایه انسانی,مازندران,28.949749
الگوی مصرف,معیشت و فرهنگ اقتصادی,مازندران,27.985733
بازار کار و اشتغال,معیشت و فرهنگ اقتصادی,مازندران,16.654675
فرهنگ اقتصادی,معیشت و فرهنگ اقتصادی,مازندران,27.927
قدرت خرید و معیشت,معیشت و فرهنگ اقتصادی,مازندران,68.246681
برخورداری اقتصادی,معیشت و فرهنگ اقتصادی,مازندران,72.175789
انرژی و خدمات عمومی,رفاه و عدالت اجتماعی,مازندران,18.775101
حمایت اجتماعی,رفاه و عدالت اجتماعی,مازندران,2.0088947
زیرساخت آموزشی,رفاه و عدالت اجتماعی,مازندران,2.9225519
سلامت و بهداشت,رفاه و عدالت اجتماعی,مازندران,24.505062
مسکن و سرپناه,رفاه و عدالت اجتماعی,مازندران,59.108353
جرم و ناامنی,مسائل اجتماعی,مازندران,5.932312
سلامت اجتماعی,مسائل اجتماعی,مازندران,32.470142
سبک زندگی و مصرف,مسائل اجتماعی,مازندران,47.262211
باورها و رفتارهای فرهنگی,مسائل اجتماعی,مازندران,29.803375
روابط و امنیت اجتماعی,مسائل اجتماعی,مازندران,5.5976534
باور دینی,معنویت و ارزش‌های دینی,مرکزی,68.419662
عمل دینی,معنویت و ارزش‌های دینی,مرکزی,28.197468
هویت و پیوند دینی,معنویت و ارزش‌های دینی,مرکزی,24.095461
مشارکت مذهبی,معنویت و ارزش‌های دینی,مرکزی,26.513977
سبک زندگی دینی,معنویت و ارزش‌های دینی,مرکزی,13.354507
تشکیل خانواده,زندگی خانوادگی,مرکزی,.12424579
فرزندآوری,زندگی خانوادگی,مرکزی,7.0040708
روابط خانوادگی,زندگی خانوادگی,مرکزی,63.542126
پایداری خانواده,زندگی خانوادگی,مرکزی,6.7376552
سینما و تلویزیون,مصرف فرهنگی و رسانه‌ای,مرکزی,10.883068
کتاب و مطبوعات,مصرف فرهنگی و رسانه‌ای,مرکزی,36.597031
موسیقی و هنرهای تجسمی,مصرف فرهنگی و رسانه‌ای,مرکزی,9.3020077
مد و فراغت,مصرف فرهنگی و رسانه‌ای,مرکزی,26.378569
اعتماد و روابط اجتماعی,همبستگی و سرمایه اجتماعی,مرکزی,24.754974
هنجارها و سلامت نهادی,همبستگی و سرمایه اجتماعی,مرکزی,21.45998
مشارکت و کنش جمعی,همبستگی و سرمایه اجتماعی,مرکزی,13.390488
تعلق ملی,همبستگی و سرمایه اجتماعی,مرکزی,39.443409
عدالت آموزشی,دانش و سرمایه انسانی,مرکزی,10.77921
فراگیری آموزش,دانش و سرمایه انسانی,مرکزی,11.116755
کیفیت آموزشی,دانش و سرمایه انسانی,مرکزی,47.885044
الگوی مصرف,معیشت و فرهنگ اقتصادی,مرکزی,62.869457
بازار کار و اشتغال,معیشت و فرهنگ اقتصادی,مرکزی,14.28386
فرهنگ اقتصادی,معیشت و فرهنگ اقتصادی,مرکزی,8.1322374
قدرت خرید و معیشت,معیشت و فرهنگ اقتصادی,مرکزی,15.509643
برخورداری اقتصادی,معیشت و فرهنگ اقتصادی,مرکزی,35.39188
انرژی و خدمات عمومی,رفاه و عدالت اجتماعی,مرکزی,25.298086
حمایت اجتماعی,رفاه و عدالت اجتماعی,مرکزی,9.285552
زیرساخت آموزشی,رفاه و عدالت اجتماعی,مرکزی,1.4871591
سلامت و بهداشت,رفاه و عدالت اجتماعی,مرکزی,10.180469
مسکن و سرپناه,رفاه و عدالت اجتماعی,مرکزی,26.970087
جرم و ناامنی,مسائل اجتماعی,مرکزی,1.3007106
سلامت اجتماعی,مسائل اجتماعی,مرکزی,22.419724
سبک زندگی و مصرف,مسائل اجتماعی,مرکزی,32.341263
باورها و رفتارهای فرهنگی,مسائل اجتماعی,مرکزی,28.281895
روابط و امنیت اجتماعی,مسائل اجتماعی,مرکزی,54.327049
باور دینی,معنویت و ارزش‌های دینی,هرمزگان,4.8533301
عمل دینی,معنویت و ارزش‌های دینی,هرمزگان,12.499434
هویت و پیوند دینی,معنویت و ارزش‌های دینی,هرمزگان,8.3018723
مشارکت مذهبی,معنویت و ارزش‌های دینی,هرمزگان,7.225678
سبک زندگی دینی,معنویت و ارزش‌های دینی,هرمزگان,1.4178866
تشکیل خانواده,زندگی خانوادگی,هرمزگان,11.473301
فرزندآوری,زندگی خانوادگی,هرمزگان,72.916145
روابط خانوادگی,زندگی خانوادگی,هرمزگان,21.545424
پایداری خانواده,زندگی خانوادگی,هرمزگان,27.258245
سینما و تلویزیون,مصرف فرهنگی و رسانه‌ای,هرمزگان,13.259701
کتاب و مطبوعات,مصرف فرهنگی و رسانه‌ای,هرمزگان,10.253568
موسیقی و هنرهای تجسمی,مصرف فرهنگی و رسانه‌ای,هرمزگان,33.549297
مد و فراغت,مصرف فرهنگی و رسانه‌ای,هرمزگان,9.2455339
اعتماد و روابط اجتماعی,همبستگی و سرمایه اجتماعی,هرمزگان,53.829449
هنجارها و سلامت نهادی,همبستگی و سرمایه اجتماعی,هرمزگان,2.9162199
مشارکت و کنش جمعی,همبستگی و سرمایه اجتماعی,هرمزگان,2.6924937
تعلق ملی,همبستگی و سرمایه اجتماعی,هرمزگان,10.397224
عدالت آموزشی,دانش و سرمایه انسانی,هرمزگان,8.1614065
فراگیری آموزش,دانش و سرمایه انسانی,هرمزگان,17.294222
کیفیت آموزشی,دانش و سرمایه انسانی,هرمزگان,8.4907951
الگوی مصرف,معیشت و فرهنگ اقتصادی,هرمزگان,50.325207
بازار کار و اشتغال,معیشت و فرهنگ اقتصادی,هرمزگان,7.9119964
فرهنگ اقتصادی,معیشت و فرهنگ اقتصادی,هرمزگان,16.904291
قدرت خرید و معیشت,معیشت و فرهنگ اقتصادی,هرمزگان,3.5680089
برخورداری اقتصادی,معیشت و فرهنگ اقتصادی,هرمزگان,25.107273
انرژی و خدمات عمومی,رفاه و عدالت اجتماعی,هرمزگان,.93030089
حمایت اجتماعی,رفاه و عدالت اجتماعی,هرمزگان,13.964695
زیرساخت آموزشی,رفاه و عدالت اجتماعی,هرمزگان,32.676853
سلامت و بهداشت,رفاه و عدالت اجتماعی,هرمزگان,9.0126486
مسکن و سرپناه,رفاه و عدالت اجتماعی,هرمزگان,2.0314798
جرم و ناامنی,مسائل اجتماعی,هرمزگان,37.131359
سلامت اجتماعی,مسائل اجتماعی,هرمزگان,21.89337
سبک زندگی و مصرف,مسائل اجتماعی,هرمزگان,3.2612424
باورها و رفتارهای فرهنگی,مسائل اجتماعی,هرمزگان,31.885803
روابط و امنیت اجتماعی,مسائل اجتماعی,هرمزگان,19.607643
باور دینی,معنویت و ارزش‌های دینی,همدان,22.635015
عمل دینی,معنویت و ارزش‌های دینی,همدان,9.0177879
هویت و پیوند دینی,معنویت و ارزش‌های دینی,همدان,3.2716324
مشارکت مذهبی,معنویت و ارزش‌های دینی,همدان,24.774305
سبک زندگی دینی,معنویت و ارزش‌های دینی,همدان,19.000505
تشکیل خانواده,زندگی خانوادگی,همدان,13.716053
فرزندآوری,زندگی خانوادگی,همدان,12.178503
روابط خانوادگی,زندگی خانوادگی,همدان,16.079819
پایداری خانواده,زندگی خانوادگی,همدان,6.3626547
سینما و تلویزیون,مصرف فرهنگی و رسانه‌ای,همدان,10.517843
کتاب و مطبوعات,مصرف فرهنگی و رسانه‌ای,همدان,12.227382
موسیقی و هنرهای تجسمی,مصرف فرهنگی و رسانه‌ای,همدان,16.108637
مد و فراغت,مصرف فرهنگی و رسانه‌ای,همدان,27.680197
اعتماد و روابط اجتماعی,همبستگی و سرمایه اجتماعی,همدان,.32510218
هنجارها و سلامت نهادی,همبستگی و سرمایه اجتماعی,همدان,43.283077
مشارکت و کنش جمعی,همبستگی و سرمایه اجتماعی,همدان,2.1743424
تعلق ملی,همبستگی و سرمایه اجتماعی,همدان,10.427447
عدالت آموزشی,دانش و سرمایه انسانی,همدان,21.559969
فراگیری آموزش,دانش و سرمایه انسانی,همدان,14.769861
کیفیت آموزشی,دانش و سرمایه انسانی,همدان,18.354872
الگوی مصرف,معیشت و فرهنگ اقتصادی,همدان,27.76816
بازار کار و اشتغال,معیشت و فرهنگ اقتصادی,همدان,54.133114
فرهنگ اقتصادی,معیشت و فرهنگ اقتصادی,همدان,10.749239
قدرت خرید و معیشت,معیشت و فرهنگ اقتصادی,همدان,45.809158
برخورداری اقتصادی,معیشت و فرهنگ اقتصادی,همدان,10.470762
انرژی و خدمات عمومی,رفاه و عدالت اجتماعی,همدان,10.699689
حمایت اجتماعی,رفاه و عدالت اجتماعی,همدان,6.7624235
زیرساخت آموزشی,رفاه و عدالت اجتماعی,همدان,29.559063
سلامت و بهداشت,رفاه و عدالت اجتماعی,همدان,4.6190925
مسکن و سرپناه,رفاه و عدالت اجتماعی,همدان,15.496552
جرم و ناامنی,مسائل اجتماعی,همدان,16.216711
سلامت اجتماعی,مسائل اجتماعی,همدان,6.3700547
سبک زندگی و مصرف,مسائل اجتماعی,همدان,62.502522
باورها و رفتارهای فرهنگی,مسائل اجتماعی,همدان,37.727985
روابط و امنیت اجتماعی,مسائل اجتماعی,همدان,30.734636
باور دینی,معنویت و ارزش‌های دینی,چهارمحال و بختیاری,10.284102
عمل دینی,معنویت و ارزش‌های دینی,چهارمحال و بختیاری,4.6834145
هویت و پیوند دینی,معنویت و ارزش‌های دینی,چهارمحال و بختیاری,30.976374
مشارکت مذهبی,معنویت و ارزش‌های دینی,چهارمحال و بختیاری,34.249775
سبک زندگی دینی,معنویت و ارزش‌های دینی,چهارمحال و بختیاری,19.613043
تشکیل خانواده,زندگی خانوادگی,چهارمحال و بختیاری,20.182497
فرزندآوری,زندگی خانوادگی,چهارمحال و بختیاری,38.122898
روابط خانوادگی,زندگی خانوادگی,چهارمحال و بختیاری,36.828297
پایداری خانواده,زندگی خانوادگی,چهارمحال و بختیاری,49.715172
سینما و تلویزیون,مصرف فرهنگی و رسانه‌ای,چهارمحال و بختیاری,12.011686
کتاب و مطبوعات,مصرف فرهنگی و رسانه‌ای,چهارمحال و بختیاری,12.351299
موسیقی و هنرهای تجسمی,مصرف فرهنگی و رسانه‌ای,چهارمحال و بختیاری,12.57385
مد و فراغت,مصرف فرهنگی و رسانه‌ای,چهارمحال و بختیاری,32.380787
اعتماد و روابط اجتماعی,همبستگی و سرمایه اجتماعی,چهارمحال و بختیاری,13.4445
هنجارها و سلامت نهادی,همبستگی و سرمایه اجتماعی,چهارمحال و بختیاری,38.666721
مشارکت و کنش جمعی,همبستگی و سرمایه اجتماعی,چهارمحال و بختیاری,2.6070499
تعلق ملی,همبستگی و سرمایه اجتماعی,چهارمحال و بختیاری,20.676697
عدالت آموزشی,دانش و سرمایه انسانی,چهارمحال و بختیاری,7.3726368
فراگیری آموزش,دانش و سرمایه انسانی,چهارمحال و بختیاری,6.9625392
کیفیت آموزشی,دانش و سرمایه انسانی,چهارمحال و بختیاری,21.284601
الگوی مصرف,معیشت و فرهنگ اقتصادی,چهارمحال و بختیاری,24.18718
بازار کار و اشتغال,معیشت و فرهنگ اقتصادی,چهارمحال و بختیاری,14.119136
فرهنگ اقتصادی,معیشت و فرهنگ اقتصادی,چهارمحال و بختیاری,1.1151927
قدرت خرید و معیشت,معیشت و فرهنگ اقتصادی,چهارمحال و بختیاری,65.45079
برخورداری اقتصادی,معیشت و فرهنگ اقتصادی,چهارمحال و بختیاری,13.740913
انرژی و خدمات عمومی,رفاه و عدالت اجتماعی,چهارمحال و بختیاری,11.740957
حمایت اجتماعی,رفاه و عدالت اجتماعی,چهارمحال و بختیاری,60.773445
زیرساخت آموزشی,رفاه و عدالت اجتماعی,چهارمحال و بختیاری,37.128948
سلامت و بهداشت,رفاه و عدالت اجتماعی,چهارمحال و بختیاری,3.7194121
مسکن و سرپناه,رفاه و عدالت اجتماعی,چهارمحال و بختیاری,.15818244
جرم و ناامنی,مسائل اجتماعی,چهارمحال و بختیاری,21.773973
سلامت اجتماعی,مسائل اجتماعی,چهارمحال و بختیاری,8.10501
سبک زندگی و مصرف,مسائل اجتماعی,چهارمحال و بختیاری,10.196524
باورها و رفتارهای فرهنگی,مسائل اجتماعی,چهارمحال و بختیاری,10.727519
روابط و امنیت اجتماعی,مسائل اجتماعی,چهارمحال و بختیاری,14.366255
باور دینی,معنویت و ارزش‌های دینی,گلستان,1.8769133
عمل دینی,معنویت و ارزش‌های دینی,گلستان,29.581652
هویت و پیوند دینی,معنویت و ارزش‌های دینی,گلستان,21.228252
مشارکت مذهبی,معنویت و ارزش‌های دینی,گلستان,1.3048992
سبک زندگی دینی,معنویت و ارزش‌های دینی,گلستان,40.06979
تشکیل خانواده,زندگی خانوادگی,گلستان,14.813549
فرزندآوری,زندگی خانوادگی,گلستان,1.5454823
روابط خانوادگی,زندگی خانوادگی,گلستان,34.753143
پایداری خانواده,زندگی خانوادگی,گلستان,39.164181
سینما و تلویزیون,مصرف فرهنگی و رسانه‌ای,گلستان,11.257594
کتاب و مطبوعات,مصرف فرهنگی و رسانه‌ای,گلستان,47.273666
موسیقی و هنرهای تجسمی,مصرف فرهنگی و رسانه‌ای,گلستان,8.6791544
مد و فراغت,مصرف فرهنگی و رسانه‌ای,گلستان,18.431541
اعتماد و روابط اجتماعی,همبستگی و سرمایه اجتماعی,گلستان,73.672783
هنجارها و سلامت نهادی,همبستگی و سرمایه اجتماعی,گلستان,15.778353
مشارکت و کنش جمعی,همبستگی و سرمایه اجتماعی,گلستان,1.004434
تعلق ملی,همبستگی و سرمایه اجتماعی,گلستان,3.278178
عدالت آموزشی,دانش و سرمایه انسانی,گلستان,1.058527
فراگیری آموزش,دانش و سرمایه انسانی,گلستان,10.609478
کیفیت آموزشی,دانش و سرمایه انسانی,گلستان,8.8835354
الگوی مصرف,معیشت و فرهنگ اقتصادی,گلستان,44.877651
بازار کار و اشتغال,معیشت و فرهنگ اقتصادی,گلستان,11.526161
فرهنگ اقتصادی,معیشت و فرهنگ اقتصادی,گلستان,7.1340971
قدرت خرید و معیشت,معیشت و فرهنگ اقتصادی,گلستان,15.900021
برخورداری اقتصادی,معیشت و فرهنگ اقتصادی,گلستان,5.7761164
انرژی و خدمات عمومی,رفاه و عدالت اجتماعی,گلستان,2.012399
حمایت اجتماعی,رفاه و عدالت اجتماعی,گلستان,69.653992
زیرساخت آموزشی,رفاه و عدالت اجتماعی,گلستان,31.590317
سلامت و بهداشت,رفاه و عدالت اجتماعی,گلستان,14.910747
مسکن و سرپناه,رفاه و عدالت اجتماعی,گلستان,25.167852
جرم و ناامنی,مسائل اجتماعی,گلستان,39.752857
سلامت اجتماعی,مسائل اجتماعی,گلستان,16.39777
سبک زندگی و مصرف,مسائل اجتماعی,گلستان,12.078977
باورها و رفتارهای فرهنگی,مسائل اجتماعی,گلستان,1.6813724
روابط و امنیت اجتماعی,مسائل اجتماعی,گلستان,11.949735
باور دینی,معنویت و ارزش‌های دینی,گیلان,.3830952
عمل دینی,معنویت و ارزش‌های دینی,گیلان,4.64607
هویت و پیوند دینی,معنویت و ارزش‌های دینی,گیلان,4.0850616
مشارکت مذهبی,معنویت و ارزش‌های دینی,گیلان,.35129073
سبک زندگی دینی,معنویت و ارزش‌های دینی,گیلان,7.3723063
تشکیل خانواده,زندگی خانوادگی,گیلان,7.9835958
فرزندآوری,زندگی خانوادگی,گیلان,1.6813917
روابط خانوادگی,زندگی خانوادگی,گیلان,13.731007
پایداری خانواده,زندگی خانوادگی,گیلان,14.425744
سینما و تلویزیون,مصرف فرهنگی و رسانه‌ای,گیلان,27.401527
کتاب و مطبوعات,مصرف فرهنگی و رسانه‌ای,گیلان,1.4328773
موسیقی و هنرهای تجسمی,مصرف فرهنگی و رسانه‌ای,گیلان,52.539253
مد و فراغت,مصرف فرهنگی و رسانه‌ای,گیلان,15.830858
اعتماد و روابط اجتماعی,همبستگی و سرمایه اجتماعی,گیلان,28.178741
هنجارها و سلامت نهادی,همبستگی و سرمایه اجتماعی,گیلان,10.228297
مشارکت و کنش جمعی,همبستگی و سرمایه اجتماعی,گیلان,29.870268
تعلق ملی,همبستگی و سرمایه اجتماعی,گیلان,8.9584055
عدالت آموزشی,دانش و سرمایه انسانی,گیلان,31.981899
فراگیری آموزش,دانش و سرمایه انسانی,گیلان,19.616486
کیفیت آموزشی,دانش و سرمایه انسانی,گیلان,50.184998
الگوی مصرف,معیشت و فرهنگ اقتصادی,گیلان,14.268384
بازار کار و اشتغال,معیشت و فرهنگ اقتصادی,گیلان,22.543037
فرهنگ اقتصادی,معیشت و فرهنگ اقتصادی,گیلان,34.178776
قدرت خرید و معیشت,معیشت و فرهنگ اقتصادی,گیلان,18.454311
برخورداری اقتصادی,معیشت و فرهنگ اقتصادی,گیلان,12.890369
انرژی و خدمات عمومی,رفاه و عدالت اجتماعی,گیلان,2.5188937
حمایت اجتماعی,رفاه و عدالت اجتماعی,گیلان,28.813246
زیرساخت آموزشی,رفاه و عدالت اجتماعی,گیلان,14.787163
سلامت و بهداشت,رفاه و عدالت اجتماعی,گیلان,7.0090795
مسکن و سرپناه,رفاه و عدالت اجتماعی,گیلان,19.37464
جرم و ناامنی,مسائل اجتماعی,گیلان,1.312802
سلامت اجتماعی,مسائل اجتماعی,گیلان,15.101138
سبک زندگی و مصرف,مسائل اجتماعی,گیلان,24.391865
باورها و رفتارهای فرهنگی,مسائل اجتماعی,گیلان,14.020216
روابط و امنیت اجتماعی,مسائل اجتماعی,گیلان,.77225208
باور دینی,معنویت و ارزش‌های دینی,یزد,18.367867
عمل دینی,معنویت و ارزش‌های دینی,یزد,5.7576866
هویت و پیوند دینی,معنویت و ارزش‌های دینی,یزد,78.383194
مشارکت مذهبی,معنویت و ارزش‌های دینی,یزد,3.1008046
سبک زندگی دینی,معنویت و ارزش‌های دینی,یزد,24.515938
تشکیل خانواده,زندگی خانوادگی,یزد,45.040478
فرزندآوری,زندگی خانوادگی,یزد,41.147053
روابط خانوادگی,زندگی خانوادگی,یزد,31.322758
پایداری خانواده,زندگی خانوادگی,یزد,46.574955
سینما و تلویزیون,مصرف فرهنگی و رسانه‌ای,یزد,35.146954
کتاب و مطبوعات,مصرف فرهنگی و رسانه‌ای,یزد,16.496117
موسیقی و هنرهای تجسمی,مصرف فرهنگی و رسانه‌ای,یزد,22.610315
مد و فراغت,مصرف فرهنگی و رسانه‌ای,یزد,4.0229621
اعتماد و روابط اجتماعی,همبستگی و سرمایه اجتماعی,یزد,6.2396169
هنجارها و سلامت نهادی,همبستگی و سرمایه اجتماعی,یزد,14.557957
مشارکت و کنش جمعی,همبستگی و سرمایه اجتماعی,یزد,1.3185221
تعلق ملی,همبستگی و سرمایه اجتماعی,یزد,22.311836
عدالت آموزشی,دانش و سرمایه انسانی,یزد,58.020264
فراگیری آموزش,دانش و سرمایه انسانی,یزد,43.729294
کیفیت آموزشی,دانش و سرمایه انسانی,یزد,10.585733
الگوی مصرف,معیشت و فرهنگ اقتصادی,یزد,13.999885
بازار کار و اشتغال,معیشت و فرهنگ اقتصادی,یزد,53.978474
فرهنگ اقتصادی,معیشت و فرهنگ اقتصادی,یزد,42.02211
قدرت خرید و معیشت,معیشت و فرهنگ اقتصادی,یزد,33.594589
برخورداری اقتصادی,معیشت و فرهنگ اقتصادی,یزد,44.389801
انرژی و خدمات عمومی,رفاه و عدالت اجتماعی,یزد,1.2826219
حمایت اجتماعی,رفاه و عدالت اجتماعی,یزد,6.0532017
زیرساخت آموزشی,رفاه و عدالت اجتماعی,یزد,29.065836
سلامت و بهداشت,رفاه و عدالت اجتماعی,یزد,64.75061
مسکن و سرپناه,رفاه و عدالت اجتماعی,یزد,33.939613
جرم و ناامنی,مسائل اجتماعی,یزد,52.44207
سلامت اجتماعی,مسائل اجتماعی,یزد,24.955029
سبک زندگی و مصرف,مسائل اجتماعی,یزد,24.224648
باورها و رفتارهای فرهنگی,مسائل اجتماعی,یزد,36.070827
روابط و امنیت اجتماعی,مسائل اجتماعی,یزد,31.72057
